
  ___  ____  ____  ____  ____ ®
 /__    /   ____/   /   ____/      StataNow 19.5
___/   /   /___/   /   /___/       SE—Standard Edition

 Statistics and Data Science       Copyright 1985-2025 StataCorp LLC
                                   StataCorp
                                   4905 Lakeway Drive
                                   College Station, Texas 77845 USA
                                   800-782-8272        https://www.stata.com
                                   979-696-4600        service@stata.com

Stata license: Unlimited-user network, expiring  3 Jul 2026
Serial number: 401909323942
  Licensed to: anh pham
               vin uni

Notes:
      1. Stata is running in batch mode.
      2. Unicode is supported; see help unicode_advice.
      3. Maximum number of variables is set to 5,000 but can be increased;
          see help set_maxvar.

. do "c:\Users\phamh\OneDrive\Documents\Thesis_2026\HPV thesis\Code\hpv_analysi
> s_main.do" 

. *******************************************************
. * PHÂN TÍCH BẤT BÌNH ĐẲNG KINH TẾ-XÃ HỘI TRONG NHẬN THỨC
. * VÀ TIÊM CHỦNG HPV Ở PHỤ NỮ VIỆT NAM 15-29 TUỔI
. * Nguồn: MICS6 Việt Nam (2020-2021)
. *
. * Biến kết quả (Outcomes):
. *   1. ccp5_bin – Đã nghe về vắc-xin HPV (nhận thức)
. *   2. ccp6_bin – Đã tiêm vắc-xin HPV (tiêm chủng)
. *   3. gap      – Biết nhưng chưa tiêm (khoảng cách)
. *
. * Phương pháp:
. *   - Mô tả có trọng số (survey-weighted descriptive)
. *   - Phân tích hai biến (bivariate chi-squared)
. *   - Chỉ số tập trung (Concentration Index)
. *   - Hồi quy Poisson có trọng số (PR + 95%CI)
. *   - Phân rã Erreygers (decomposition)
. *
. * Đối tượng: Phụ nữ Việt Nam 15-29 tuổi (MICS6)
. * Cập nhật: 2026-04-22
. *******************************************************
. 
. version 17

. clear all

. set more off

. set linesize 255

. set type double

. macro drop _all

. 
. *───────────────────────────────────────────────────────
. * 1. PROJECT PATHS
. *───────────────────────────────────────────────────────
. local root "`c(pwd)'"

. local proj "`root'/HPV thesis"

. local data_dir "`proj'/Dataset"

. local out_dir  "`proj'/Output"

. local tab_dir  "`out_dir'/tables"

. local fig_dir  "`out_dir'/figures"

. local log_dir  "`out_dir'/logs"

. local int_dir  "`out_dir'/intermediate"

. 
. * Create output directories if they do not exist.
. foreach d in "`out_dir'" "`tab_dir'" "`fig_dir'" "`log_dir'" "`int_dir'" {
  2.     capture mkdir `"`d'"'
  3. }

. 
. capture log close _all

. log using "`log_dir'/hpv_analysis_master.log", replace text name(master)
---------------------------------------------------------------------------------------------------------------------------------------------------------------------------------------------------------------------------------------------------------------
      name:  master
       log:  C:\Users\phamh\OneDrive\Documents\Thesis_2026/HPV thesis/Output/logs/hpv_analysis_master.log
  log type:  text
 opened on:  22 Apr 2026, 18:01:18

. 
. di as txt "Project root : `root'"
Project root : C:\Users\phamh\OneDrive\Documents\Thesis_2026

. di as txt "Start time   : `c(current_date)' `c(current_time)'"
Start time   : 22 Apr 2026 18:01:18

. 
. *───────────────────────────────────────────────────────
. * 2. LOAD DATA
. *───────────────────────────────────────────────────────
. * Dữ liệu MICS6 Việt Nam (international format).
. local src_main "`data_dir'/data_raw_mics6_inter_format.dta"

. 
. if fileexists("`src_main'") {
.     use "`src_main'", clear
.     di as result "Đã tải: `src_main'"
Đã tải: C:\Users\phamh\OneDrive\Documents\Thesis_2026/HPV thesis/Dataset/data_raw_mics6_inter_format.dta
. }

. else {
.     di as error "Không tìm thấy dữ liệu nguồn trong: `data_dir'"
.     error 601
. }

. 
. * Kiểm tra các biến bắt buộc phải có trong dữ liệu.
. local required "CCP5 CCP6 WAGE MSTATUS welevel insurance ethnicity2"

. local required "`required' wscore windex5 HH1 HH6 wmweight"

. local required "`required' MT1 MT2 MT3 MT5 MT10 MT12"

. local required "`required' DV1A DV1B DV1C DV1D DV1E SB1 PSU stratum"

. foreach v of local required {
  2.     capture confirm variable `v'
  3.     if _rc {
  4.         di as error "Missing required variable: `v'"
  5.         error 111
  6.     }
  7. }

. 
. *───────────────────────────────────────────────────────
. * 3. MẪU PHÂN TÍCH
. * MICS6 phỏng vấn phụ nữ 15-49 tuổi (WAGE 1-7).
. * Phân tích giới hạn nhóm 15-29 tuổi (WAGE 1-3)
. * để đánh giá bất bình đẳng trong nhận thức và
. * tiêm chủng HPV ở phụ nữ trẻ Việt Nam.
. *───────────────────────────────────────────────────────
. keep if inrange(WAGE, 1, 3)
(7,192 observations deleted)

. drop if missing(wmweight, PSU, stratum)
(0 observations deleted)

. count
  4,102

. local N_analytic = r(N)

. di as result "Mẫu phân tích (phụ nữ 15-29): `N_analytic'"
Mẫu phân tích (phụ nữ 15-29): 4102

. 
. * Đổi tên biến cho rõ ràng.
. rename wscore  ses    // Điểm kinh tế-xã hội (wealth score)

. rename windex5 ses5   // Nhóm ngũ phân vị giàu nghèo

. rename HH1     ea     // Đơn vị liệt kê (enumeration area)

. rename HH6     area   // Thành thị / Nông thôn

. 
. *───────────────────────────────────────────────────────
. * 4. LÀM SẠCH VÀ MÃ HÓA LẠI BIẾN SỐ
. *───────────────────────────────────────────────────────
. 
. * 4a. Clean non-informative / out-of-range codes to missing.
. replace MSTATUS    = . if !inlist(MSTATUS, 1, 2, 3)
(1 real change made, 1 to missing)

. replace insurance  = . if !inlist(insurance, 1, 2)
(1 real change made, 1 to missing)

. replace ethnicity2 = . if !inlist(ethnicity2, 1, 2)
(0 real changes made)

. replace welevel    = . if !inlist(welevel, 0, 1, 2, 3, 4, 5)
(0 real changes made)

. replace ses5       = . if !inrange(ses5, 1, 5)
(0 real changes made)

. 
. * 4b. Value labels.
. label define yn          0 "No" 1 "Yes", replace

. label define area_lab    1 "Urban" 2 "Rural", replace

. label define wage_lab    1 "15-19" 2 "20-24" 3 "25-29", replace

. label define mstatus_lab 1 "Currently married/union" ///
>                          2 "Formerly married/union"  ///
>                          3 "Never married/union", replace

. label define edu_lab     1 "Primary or less" ///
>                          2 "Lower secondary" ///
>                          3 "Upper secondary+", replace

. label define ses5_lab    1 "Q1 poorest" 2 "Q2" 3 "Q3" ///
>                          4 "Q4" 5 "Q5 richest", replace

. 
. label values WAGE    wage_lab

. label values area    area_lab

. label values MSTATUS mstatus_lab

. label values ses5    ses5_lab

. 
. *───────────────────────────────────────────────────────
. * 5. OUTCOME VARIABLES
. *───────────────────────────────────────────────────────
. 
. * 5a. HPV awareness (CCP5: 1=Yes, 2=No).
. gen byte ccp5_bin = .
(4,102 missing values generated)

. replace ccp5_bin = 1 if CCP5 == 1
(2,133 real changes made)

. replace ccp5_bin = 0 if CCP5 == 2
(1,969 real changes made)

. label values ccp5_bin yn

. label variable ccp5_bin "Heard about HPV vaccination"

. 
. * 5b. HPV vaccination (CCP6: 1=Yes, 2=No, 8=DK).
. *     MICS skip: if CCP5=2 (not aware), CCP6 is skipped → code as 0.
. gen byte ccp6_bin = .
(4,102 missing values generated)

. replace ccp6_bin = 1 if CCP6 == 1
(220 real changes made)

. replace ccp6_bin = 0 if inlist(CCP6, 2, 8)
(1,913 real changes made)

. replace ccp6_bin = 0 if missing(CCP6) & CCP5 == 2
(1,969 real changes made)

. label values ccp6_bin yn

. label variable ccp6_bin "Received HPV vaccine"

. 
. * 5c. Awareness-vaccination gap (among aware women only).
. gen byte gap = .
(4,102 missing values generated)

. replace gap = 1 if ccp5_bin == 1 & ccp6_bin == 0
(1,913 real changes made)

. replace gap = 0 if ccp5_bin == 1 & ccp6_bin == 1
(220 real changes made)

. label define gap_lab 0 "Aware & vaccinated" 1 "Aware but not vaccinated", replace

. label values gap gap_lab

. label variable gap "Awareness-vaccination gap"

. 
. *───────────────────────────────────────────────────────
. * 6. COVARIATE CONSTRUCTION
. *───────────────────────────────────────────────────────
. 
. * Education: collapse MICS welevel into 3 groups.
. gen byte edu = .
(4,102 missing values generated)

. replace edu = 1 if inlist(welevel, 0, 1)   // Primary or less
(601 real changes made)

. replace edu = 2 if welevel == 2             // Lower secondary
(1,074 real changes made)

. replace edu = 3 if inlist(welevel, 3, 4, 5) // Upper secondary+
(2,427 real changes made)

. label values edu edu_lab

. label variable edu "Education group"

. 
. * Insurance status (1=insured, 2=uninsured → recode to 0/1).
. gen byte insu = .
(4,102 missing values generated)

. replace insu = 1 if insurance == 2
(496 real changes made)

. replace insu = 0 if insurance == 1
(3,605 real changes made)

. label values insu yn

. label variable insu "Uninsured"

. 
. * Rural residence.
. gen byte rural = .
(4,102 missing values generated)

. replace rural = 1 if area == 2
(2,896 real changes made)

. replace rural = 0 if area == 1
(1,206 real changes made)

. label values rural yn

. label variable rural "Rural residence"

. 
. * Ethnic minority (ethnicity2: 1=Kinh/Hoa, 2=minority).
. gen byte minority = .
(4,102 missing values generated)

. replace minority = 1 if ethnicity2 == 2
(1,687 real changes made)

. replace minority = 0 if ethnicity2 == 1
(2,415 real changes made)

. label values minority yn

. label variable minority "Ethnic minority"

. 
. * Mass media exposure (MT1=newspaper, MT2=radio, MT3=TV).
. foreach v in MT1 MT2 MT3 MT5 MT10 MT12 {
  2.     replace `v' = . if !inlist(`v', 0, 1, 2, 3)
  3.     gen byte `v'_use = .
  4.     replace `v'_use = 1 if inrange(`v', 1, 3)
  5.     replace `v'_use = 0 if `v' == 0
  6. }
(2 real changes made, 2 to missing)
(4,102 missing values generated)
(2,344 real changes made)
(1,756 real changes made)
(1 real change made, 1 to missing)
(4,102 missing values generated)
(433 real changes made)
(3,668 real changes made)
(0 real changes made)
(4,102 missing values generated)
(2,909 real changes made)
(1,193 real changes made)
(0 real changes made)
(4,102 missing values generated)
(1,211 real changes made)
(701 real changes made)
(1 real change made, 1 to missing)
(4,102 missing values generated)
(3,232 real changes made)
(38 real changes made)
(1 real change made, 1 to missing)
(4,102 missing values generated)
(3,847 real changes made)
(254 real changes made)

. 
. egen mme_obs = rownonmiss(MT1_use MT2_use MT3_use)

. egen mme_any = rowmax(MT1_use MT2_use MT3_use)

. gen byte mme = .
(4,102 missing values generated)

. replace mme = mme_any if mme_obs > 0
(4,102 real changes made)

. drop mme_obs mme_any

. label values mme yn

. label variable mme "Any mass media exposure"

. 
. * ICT exposure (MT5=computer, MT10=internet, MT12=mobile).
. egen ict_obs = rownonmiss(MT5_use MT10_use MT12_use)

. egen ict_any = rowmax(MT5_use MT10_use MT12_use)

. gen byte ict = .
(4,102 missing values generated)

. replace ict = ict_any if ict_obs > 0
(4,102 real changes made)

. drop ict_obs ict_any

. label values ict yn

. label variable ict "Any ICT exposure"

. 
. * Decision autonomy (DV1A-E: 1=alone, 2=jointly/other).
. * High autonomy = all decisions made alone or jointly.
. foreach v in DV1A DV1B DV1C DV1D DV1E {
  2.     replace `v' = . if !inlist(`v', 1, 2)
  3. }
(95 real changes made, 95 to missing)
(115 real changes made, 115 to missing)
(111 real changes made, 111 to missing)
(185 real changes made, 185 to missing)
(76 real changes made, 76 to missing)

. gen byte dvindex = .
(4,102 missing values generated)

. replace dvindex = 1 if DV1A==2 & DV1B==2 & DV1C==2 & DV1D==2 & DV1E==2
(3,367 real changes made)

. replace dvindex = 0 if DV1A==1 | DV1B==1 | DV1C==1 | DV1D==1 | DV1E==1
(534 real changes made)

. label values dvindex yn

. label variable dvindex "High decision autonomy"

. 
. * Sexual behavior (SB1: age at first intercourse, 0=never).
. replace SB1 = . if inlist(SB1, 8, 98, 99)
(1 real change made, 1 to missing)

. gen byte sb1n = .
(4,102 missing values generated)

. replace sb1n = 0 if SB1 == 0
(1,632 real changes made)

. replace sb1n = 1 if inrange(SB1, 1, 95)
(2,469 real changes made)

. label values sb1n yn

. label variable sb1n "Ever had sexual intercourse"

. 
. *───────────────────────────────────────────────────────
. * 7. CHECK ICT IMBALANCE
. *    If weighted prevalence >95% or <5%, ICT causes
. *    quasi-separation in Poisson → exclude from models.
. *───────────────────────────────────────────────────────
. quietly summarize ict [aw=wmweight]

. local ict_mean = r(mean)

. local include_ict = 1

. if `ict_mean' > 0.95 | `ict_mean' < 0.05 {
.     local include_ict = 0
.     di as txt "NOTE: ICT weighted prevalence = " %5.3f `ict_mean' ///
>         " → excluded from multivariable models (quasi-separation risk)."
NOTE: ICT weighted prevalence = 0.979 → excluded from multivariable models (quasi-separation risk).
. }

. 
. * Build model terms conditionally.
. local model_ict ""

. local decomp_ict ""

. if `include_ict' {
.     local model_ict "i.ict"
.     local decomp_ict "ict"
. }

. 
. *───────────────────────────────────────────────────────
. * 8. SURVEY DESIGN
. *───────────────────────────────────────────────────────
. svyset PSU [pweight=wmweight], strata(stratum) vce(linearized) singleunit(centered)

Sampling weights: wmweight
             VCE: linearized
     Single unit: centered
        Strata 1: stratum
 Sampling unit 1: PSU
           FPC 1: <zero>

. 
. * Lưu dữ liệu phân tích sạch.
. compress
  variable CCP3AY was int now byte
  variable CCP3BY was int now byte
  variable CCP3CY was int now byte
  variable WB19A was str33 now str1
  variable WB19B was str51 now str1
  variable WB19C was str46 now str1
  variable WB19D was str48 now str1
  variable WB19E was str43 now str1
  variable WB19F was str47 now str1
  variable WB19X was str31 now str1
  variable WB19NR was str37 now str1
  variable AB12A was str41 now str1
  variable AB12B was str18 now str1
  variable AB12C was str26 now str1
  variable AB12D was str50 now str1
  variable AB12E was str65 now str1
  variable AB12F was str22 now str1
  variable AB12G was str38 now str1
  variable AB12H was str26 now str1
  variable AB12X was str16 now str1
  variable AB12Z was str5 now str1
  variable AB12NR was str11 now str1
  variable AB14A was str15 now str1
  variable AB14C was str18 now str1
  variable MN3A was str30 now str1
  variable MN3B was str37 now str1
  variable MN3G was str44 now str1
  variable MN19A was str30 now str1
  variable MN19B was str39 now str1
  variable MN19F was str51 now str1
  variable MN19G was str44 now str1
  variable MN19H was str49 now str1
  variable MN19X was str29 now str1
  variable MN19Y was str30 now str1
  variable MN19NR was str35 now str1
  variable MN31A was str43 now str1
  variable MN31B was str46 now str1
  variable MN31C was str75 now str1
  variable MN31X was str35 now str1
  variable MN31Z was str49 now str1
  variable MN39A was str51 now str1
  variable MN39B was str33 now str1
  variable MN39C was str44 now str1
  variable MN39D was str33 now str1
  variable MN39E was str51 now str1
  variable MN39F was str33 now str1
  variable MN39G was str36 now str1
  variable MN39H was str37 now str1
  variable MN39I was str27 now str1
  variable MN39J was str41 now str1
  variable MN39X was str27 now str1
  variable MN39Y was str49 now str1
  variable MN39NR was str33 now str1
  variable PN14A was str40 now str1
  variable PN14B was str49 now str1
  variable PN14F was str61 now str1
  variable PN14G was str57 now str1
  variable PN14H was str51 now str1
  variable PN14X was str39 now str1
  variable PN23A was str42 now str1
  variable PN23B was str51 now str1
  variable PN23F was str63 now str1
  variable PN23G was str56 now str1
  variable PN23H was str53 now str1
  variable PN23X was str41 now str1
  variable PN23NR was str47 now str1
  variable CP4A was str36 now str1
  variable CP4B was str34 now str1
  variable CP4C was str19 now str1
  variable CP4D was str27 now str1
  variable CP4E was str24 now str1
  variable CP4F was str20 now str1
  variable CP4G was str27 now str1
  variable CP4H was str29 now str1
  variable CP4I was str25 now str1
  variable CP4J was str28 now str1
  variable CP4K was str36 now str1
  variable CP4L was str44 now str1
  variable CP4M was str26 now str1
  variable CP4X was str21 now str1
  variable CP4NR was str27 now str1
  variable UN12A was str31 now str1
  variable UN12B was str18 now str1
  variable UN12C was str25 now str1
  variable UN12D was str20 now str1
  variable UN12E was str65 now str1
  variable UN12F was str30 now str1
  variable UN12G was str21 now str1
  variable UN12H was str15 now str1
  variable UN12I was str18 now str1
  variable UN12X was str13 now str1
  variable UN12Z was str10 now str1
  variable UN12NR was str19 now str1
  variable VT7A was str74 now str1
  variable VT7X was str79 now str1
  variable VT18A was str74 now str1
  variable VT18B was str72 now str1
  variable VT18X was str79 now str1
  variable OH was str7 now str1
  variable OK was str9 now str1
  variable ON was str8 now str1
  variable OO was str8 now str1
  variable OQ was str8 now str1
  variable OT was str7 now str1
  variable OU was str7 now str1
  variable OW was str7 now str1
  (14,541,590 bytes saved)

. save "`int_dir'/hpv_women_15_29_clean.dta", replace
file C:\Users\phamh\OneDrive\Documents\Thesis_2026/HPV thesis/Output/intermediate/hpv_women_15_29_clean.dta saved

. 
. *===============================================================
. *  TABLE 0: MISSING DATA SUMMARY
. *===============================================================
. capture log close table0

. log using "`tab_dir'/table0_missing_data.log", replace text name(table0)
---------------------------------------------------------------------------------------------------------------------------------------------------------------------------------------------------------------------------------------------------------------
      name:  table0
       log:  C:\Users\phamh\OneDrive\Documents\Thesis_2026/HPV thesis/Output/tables/table0_missing_data.log
  log type:  text
 opened on:  22 Apr 2026, 18:01:18

. 
. di as txt _newline "===== Missing Data Summary ====="

===== Missing Data Summary =====

. local check_vars "ccp5_bin ccp6_bin gap WAGE area minority insu MSTATUS edu ses5 mme ict dvindex sb1n"

. foreach v of local check_vars {
  2.     quietly count if missing(`v')
  3.     local nmiss = r(N)
  4.     local pct = (`nmiss' / `N_analytic') * 100
  5.     di as txt "`v'" _col(20) "N missing = " %6.0f `nmiss' "  (" %4.1f `pct' "%)"
  6. }
ccp5_bin           N missing =      0  ( 0.0%)
ccp6_bin           N missing =      0  ( 0.0%)
gap                N missing =   1969  (48.0%)
WAGE               N missing =      0  ( 0.0%)
area               N missing =      0  ( 0.0%)
minority           N missing =      0  ( 0.0%)
insu               N missing =      1  ( 0.0%)
MSTATUS            N missing =      1  ( 0.0%)
edu                N missing =      0  ( 0.0%)
ses5               N missing =      0  ( 0.0%)
mme                N missing =      0  ( 0.0%)
ict                N missing =      0  ( 0.0%)
dvindex            N missing =    201  ( 4.9%)
sb1n               N missing =      1  ( 0.0%)

. log close table0
      name:  table0
       log:  C:\Users\phamh\OneDrive\Documents\Thesis_2026/HPV thesis/Output/tables/table0_missing_data.log
  log type:  text
 closed on:  22 Apr 2026, 18:01:18
---------------------------------------------------------------------------------------------------------------------------------------------------------------------------------------------------------------------------------------------------------------

. 
. *===============================================================
. *  TABLE 1: WEIGHTED DESCRIPTIVE PROFILE
. *===============================================================
. capture log close table1

. log using "`tab_dir'/table1_descriptive.log", replace text name(table1)
---------------------------------------------------------------------------------------------------------------------------------------------------------------------------------------------------------------------------------------------------------------
      name:  table1
       log:  C:\Users\phamh\OneDrive\Documents\Thesis_2026/HPV thesis/Output/tables/table1_descriptive.log
  log type:  text
 opened on:  22 Apr 2026, 18:01:18

. 
. local profile_vars "WAGE area minority insu MSTATUS edu ses5 ccp5_bin ccp6_bin mme ict dvindex sb1n"

. foreach v of local profile_vars {
  2.     di as txt _newline "===== `v' ====="
  3.     svy: tabulate `v', percent format(%4.1f)
  4. }

===== WAGE =====
(running tabulate on estimation sample)

Number of strata =  12                            Number of obs   =      4,102
Number of PSUs   = 697                            Population size = 4,556.7513
                                                  Design df       =        685

----------------------
      Age | percentage
----------+-----------
    15-19 |       30.4
    20-24 |       29.7
    25-29 |       39.9
          | 
    Total |      100.0
----------------------
Key: percentage = Cell percentage

===== area =====
(running tabulate on estimation sample)

Number of strata =  12                            Number of obs   =      4,102
Number of PSUs   = 697                            Population size = 4,556.7513
                                                  Design df       =        685

----------------------
     Area | percentage
----------+-----------
    Urban |       37.4
    Rural |       62.6
          | 
    Total |      100.0
----------------------
Key: percentage = Cell percentage

===== minority =====
(running tabulate on estimation sample)

Number of strata =  12                            Number of obs   =      4,102
Number of PSUs   = 697                            Population size = 4,556.7513
                                                  Design df       =        685

----------------------
Ethnic    |
minority  | percentage
----------+-----------
       No |       85.0
      Yes |       15.0
          | 
    Total |      100.0
----------------------
Key: percentage = Cell percentage

===== insu =====
(running tabulate on estimation sample)

Number of strata =  12                            Number of obs   =      4,101
Number of PSUs   = 697                            Population size = 4,554.5164
                                                  Design df       =        685

----------------------
Uninsured | percentage
----------+-----------
       No |       86.3
      Yes |       13.7
          | 
    Total |      100.0
----------------------
Key: percentage = Cell percentage

===== MSTATUS =====
(running tabulate on estimation sample)

Number of strata =  12                            Number of obs   =      4,101
Number of PSUs   = 697                            Population size = 4,555.9126
                                                  Design df       =        685

----------------------
Marital/U |
nion      |
status of |
woman     | percentage
----------+-----------
 Currentl |       46.4
 Formerly |        3.3
 Never ma |       50.3
          | 
    Total |      100.0
----------------------
Key: percentage = Cell percentage

===== edu =====
(running tabulate on estimation sample)

Number of strata =  12                            Number of obs   =      4,102
Number of PSUs   = 697                            Population size = 4,556.7513
                                                  Design df       =        685

----------------------
Education |
group     | percentage
----------+-----------
  Primary |        5.2
 Lower se |       22.1
 Upper se |       72.7
          | 
    Total |      100.0
----------------------
Key: percentage = Cell percentage

===== ses5 =====
(running tabulate on estimation sample)

Number of strata =  12                            Number of obs   =      4,102
Number of PSUs   = 697                            Population size = 4,556.7513
                                                  Design df       =        685

----------------------
Wealth    |
index     |
quintiles | percentage
----------+-----------
 Q1 poore |       19.2
       Q2 |       21.2
       Q3 |       21.9
       Q4 |       20.1
 Q5 riche |       17.6
          | 
    Total |      100.0
----------------------
Key: percentage = Cell percentage

===== ccp5_bin =====
(running tabulate on estimation sample)

Number of strata =  12                            Number of obs   =      4,102
Number of PSUs   = 697                            Population size = 4,556.7513
                                                  Design df       =        685

----------------------
Heard     |
about HPV |
vaccinati |
on        | percentage
----------+-----------
       No |       37.6
      Yes |       62.4
          | 
    Total |      100.0
----------------------
Key: percentage = Cell percentage

===== ccp6_bin =====
(running tabulate on estimation sample)

Number of strata =  12                            Number of obs   =      4,102
Number of PSUs   = 697                            Population size = 4,556.7513
                                                  Design df       =        685

----------------------
Received  |
HPV       |
vaccine   | percentage
----------+-----------
       No |       92.5
      Yes |        7.5
          | 
    Total |      100.0
----------------------
Key: percentage = Cell percentage

===== mme =====
(running tabulate on estimation sample)

Number of strata =  12                            Number of obs   =      4,102
Number of PSUs   = 697                            Population size = 4,556.7513
                                                  Design df       =        685

----------------------
Any mass  |
media     |
exposure  | percentage
----------+-----------
       No |        9.1
      Yes |       90.9
          | 
    Total |      100.0
----------------------
Key: percentage = Cell percentage

===== ict =====
(running tabulate on estimation sample)

Number of strata =  12                            Number of obs   =      4,102
Number of PSUs   = 697                            Population size = 4,556.7513
                                                  Design df       =        685

----------------------
Any ICT   |
exposure  | percentage
----------+-----------
       No |        2.1
      Yes |       97.9
          | 
    Total |      100.0
----------------------
Key: percentage = Cell percentage

===== dvindex =====
(running tabulate on estimation sample)

Number of strata =  12                             Number of obs   =     3,901
Number of PSUs   = 694                             Population size = 4,345.243
                                                   Design df       =       682

----------------------
High      |
decision  |
autonomy  | percentage
----------+-----------
       No |        9.8
      Yes |       90.2
          | 
    Total |      100.0
----------------------
Key: percentage = Cell percentage

===== sb1n =====
(running tabulate on estimation sample)

Number of strata =  12                            Number of obs   =      4,101
Number of PSUs   = 697                            Population size = 4,556.6201
                                                  Design df       =        685

----------------------
Ever had  |
sexual    |
intercour |
se        | percentage
----------+-----------
       No |       46.9
      Yes |       53.1
          | 
    Total |      100.0
----------------------
Key: percentage = Cell percentage

. log close table1
      name:  table1
       log:  C:\Users\phamh\OneDrive\Documents\Thesis_2026/HPV thesis/Output/tables/table1_descriptive.log
  log type:  text
 closed on:  22 Apr 2026, 18:01:19
---------------------------------------------------------------------------------------------------------------------------------------------------------------------------------------------------------------------------------------------------------------

. 
. *===============================================================
. *  TABLE 2: BIVARIATE – FACTORS ASSOCIATED WITH AWARENESS
. *===============================================================
. capture log close table2

. log using "`tab_dir'/table2_awareness_bivariate.log", replace text name(table2)
---------------------------------------------------------------------------------------------------------------------------------------------------------------------------------------------------------------------------------------------------------------
      name:  table2
       log:  C:\Users\phamh\OneDrive\Documents\Thesis_2026/HPV thesis/Output/tables/table2_awareness_bivariate.log
  log type:  text
 opened on:  22 Apr 2026, 18:01:19

. 
. local assoc_vars "WAGE area minority insu MSTATUS edu ses5 mme ict dvindex sb1n"

. foreach v of local assoc_vars {
  2.     di as txt _newline "===== `v' vs ccp5_bin ====="
  3.     svy: tabulate `v' ccp5_bin, row percent ci pearson format(%4.1f)
  4. }

===== WAGE vs ccp5_bin =====
(running tabulate on estimation sample)

Number of strata =  12                            Number of obs   =      4,102
Number of PSUs   = 697                            Population size = 4,556.7513
                                                  Design df       =        685

-------------------------------------------------
          |      Heard about HPV vaccination     
      Age |          No          Yes        Total
----------+--------------------------------------
    15-19 |        51.7         48.3        100.0
          | [47.6,55.8]  [44.2,52.4]             
          | 
    20-24 |        33.8         66.2        100.0
          | [29.9,38.1]  [61.9,70.1]             
          | 
    25-29 |        29.7         70.3        100.0
          | [26.6,33.0]  [67.0,73.4]             
          | 
    Total |        37.6         62.4        100.0
          | [35.1,40.2]  [59.8,64.9]             
-------------------------------------------------
Key: Row percentage
     [95% confidence interval for row percentage]

  Pearson:
    Uncorrected   chi2(2)         =  157.0332
    Design-based  F(1.99, 1361.95)=   42.5344     P = 0.0000

===== area vs ccp5_bin =====
(running tabulate on estimation sample)

Number of strata =  12                            Number of obs   =      4,102
Number of PSUs   = 697                            Population size = 4,556.7513
                                                  Design df       =        685

-------------------------------------------------
          |      Heard about HPV vaccination     
     Area |          No          Yes        Total
----------+--------------------------------------
    Urban |        26.9         73.1        100.0
          | [23.2,31.0]  [69.0,76.8]             
          | 
    Rural |        44.0         56.0        100.0
          | [40.7,47.4]  [52.6,59.3]             
          | 
    Total |        37.6         62.4        100.0
          | [35.1,40.2]  [59.8,64.9]             
-------------------------------------------------
Key: Row percentage
     [95% confidence interval for row percentage]

  Pearson:
    Uncorrected   chi2(1)         =  118.6831
    Design-based  F(1, 685)       =   38.4305     P = 0.0000

===== minority vs ccp5_bin =====
(running tabulate on estimation sample)

Number of strata =  12                            Number of obs   =      4,102
Number of PSUs   = 697                            Population size = 4,556.7513
                                                  Design df       =        685

-------------------------------------------------
Ethnic    |      Heard about HPV vaccination     
minority  |          No          Yes        Total
----------+--------------------------------------
       No |        33.0         67.0        100.0
          | [30.2,35.8]  [64.2,69.8]             
          | 
      Yes |        63.9         36.1        100.0
          | [59.4,68.3]  [31.7,40.6]             
          | 
    Total |        37.6         62.4        100.0
          | [35.1,40.2]  [59.8,64.9]             
-------------------------------------------------
Key: Row percentage
     [95% confidence interval for row percentage]

  Pearson:
    Uncorrected   chi2(1)         =  214.2337
    Design-based  F(1, 685)       =  129.8862     P = 0.0000

===== insu vs ccp5_bin =====
(running tabulate on estimation sample)

Number of strata =  12                            Number of obs   =      4,101
Number of PSUs   = 697                            Population size = 4,554.5164
                                                  Design df       =        685

-------------------------------------------------
          |      Heard about HPV vaccination     
Uninsured |          No          Yes        Total
----------+--------------------------------------
       No |        37.0         63.0        100.0
          | [34.4,39.7]  [60.3,65.6]             
          | 
      Yes |        41.3         58.7        100.0
          | [34.6,48.3]  [51.7,65.4]             
          | 
    Total |        37.6         62.4        100.0
          | [35.1,40.2]  [59.8,64.9]             
-------------------------------------------------
Key: Row percentage
     [95% confidence interval for row percentage]

  Pearson:
    Uncorrected   chi2(1)         =    3.7601
    Design-based  F(1, 685)       =    1.4247     P = 0.2330

===== MSTATUS vs ccp5_bin =====
(running tabulate on estimation sample)

Number of strata =  12                            Number of obs   =      4,101
Number of PSUs   = 697                            Population size = 4,555.9126
                                                  Design df       =        685

-------------------------------------------------
Marital/U |
nion      |
status of |      Heard about HPV vaccination     
woman     |          No          Yes        Total
----------+--------------------------------------
 Currentl |        36.4         63.6        100.0
          | [33.3,39.6]  [60.4,66.7]             
          | 
 Formerly |        45.9         54.1        100.0
          | [33.3,59.0]  [41.0,66.7]             
          | 
 Never ma |        38.2         61.8        100.0
          | [34.8,41.7]  [58.3,65.2]             
          | 
    Total |        37.6         62.4        100.0
          | [35.1,40.2]  [59.8,64.9]             
-------------------------------------------------
Key: Row percentage
     [95% confidence interval for row percentage]

  Pearson:
    Uncorrected   chi2(2)         =    5.4322
    Design-based  F(1.95, 1337.12)=    1.2516     P = 0.2859

===== edu vs ccp5_bin =====
(running tabulate on estimation sample)

Number of strata =  12                            Number of obs   =      4,102
Number of PSUs   = 697                            Population size = 4,556.7513
                                                  Design df       =        685

-------------------------------------------------
Education |      Heard about HPV vaccination     
group     |          No          Yes        Total
----------+--------------------------------------
  Primary |        77.1         22.9        100.0
          | [68.4,84.0]  [16.0,31.6]             
          | 
 Lower se |        50.8         49.2        100.0
          | [45.9,55.7]  [44.3,54.1]             
          | 
 Upper se |        30.8         69.2        100.0
          | [28.1,33.6]  [66.4,71.9]             
          | 
    Total |        37.6         62.4        100.0
          | [35.1,40.2]  [59.8,64.9]             
-------------------------------------------------
Key: Row percentage
     [95% confidence interval for row percentage]

  Pearson:
    Uncorrected   chi2(2)         =  268.8138
    Design-based  F(1.97, 1347.88)=   64.8291     P = 0.0000

===== ses5 vs ccp5_bin =====
(running tabulate on estimation sample)

Number of strata =  12                            Number of obs   =      4,102
Number of PSUs   = 697                            Population size = 4,556.7513
                                                  Design df       =        685

-------------------------------------------------
Wealth    |
index     |      Heard about HPV vaccination     
quintiles |          No          Yes        Total
----------+--------------------------------------
 Q1 poore |        66.7         33.3        100.0
          | [62.1,71.0]  [29.0,37.9]             
          | 
       Q2 |        41.5         58.5        100.0
          | [36.7,46.4]  [53.6,63.3]             
          | 
       Q3 |        35.6         64.4        100.0
          | [30.9,40.7]  [59.3,69.1]             
          | 
       Q4 |        26.5         73.5        100.0
          | [22.2,31.2]  [68.8,77.8]             
          | 
 Q5 riche |        16.4         83.6        100.0
          | [13.0,20.5]  [79.5,87.0]             
          | 
    Total |        37.6         62.4        100.0
          | [35.1,40.2]  [59.8,64.9]             
-------------------------------------------------
Key: Row percentage
     [95% confidence interval for row percentage]

  Pearson:
    Uncorrected   chi2(4)         =  473.4971
    Design-based  F(3.98, 2726.12)=   60.0470     P = 0.0000

===== mme vs ccp5_bin =====
(running tabulate on estimation sample)

Number of strata =  12                            Number of obs   =      4,102
Number of PSUs   = 697                            Population size = 4,556.7513
                                                  Design df       =        685

-------------------------------------------------
Any mass  |
media     |      Heard about HPV vaccination     
exposure  |          No          Yes        Total
----------+--------------------------------------
       No |        60.9         39.1        100.0
          | [54.3,67.2]  [32.8,45.7]             
          | 
      Yes |        35.3         64.7        100.0
          | [32.7,37.9]  [62.1,67.3]             
          | 
    Total |        37.6         62.4        100.0
          | [35.1,40.2]  [59.8,64.9]             
-------------------------------------------------
Key: Row percentage
     [95% confidence interval for row percentage]

  Pearson:
    Uncorrected   chi2(1)         =   95.2195
    Design-based  F(1, 685)       =   54.8340     P = 0.0000

===== ict vs ccp5_bin =====
(running tabulate on estimation sample)

Number of strata =  12                            Number of obs   =      4,102
Number of PSUs   = 697                            Population size = 4,556.7513
                                                  Design df       =        685

-------------------------------------------------
Any ICT   |      Heard about HPV vaccination     
exposure  |          No          Yes        Total
----------+--------------------------------------
       No |        76.6         23.4        100.0
          | [65.5,84.9]  [15.1,34.5]             
          | 
      Yes |        36.8         63.2        100.0
          | [34.2,39.4]  [60.6,65.8]             
          | 
    Total |        37.6         62.4        100.0
          | [35.1,40.2]  [59.8,64.9]             
-------------------------------------------------
Key: Row percentage
     [95% confidence interval for row percentage]

  Pearson:
    Uncorrected   chi2(1)         =   57.0885
    Design-based  F(1, 685)       =   48.1285     P = 0.0000

===== dvindex vs ccp5_bin =====
(running tabulate on estimation sample)

Number of strata =  12                             Number of obs   =     3,901
Number of PSUs   = 694                             Population size = 4,345.243
                                                   Design df       =       682

-------------------------------------------------
High      |
decision  |      Heard about HPV vaccination     
autonomy  |          No          Yes        Total
----------+--------------------------------------
       No |        54.8         45.2        100.0
          | [48.0,61.5]  [38.5,52.0]             
          | 
      Yes |        34.8         65.2        100.0
          | [32.2,37.6]  [62.4,67.8]             
          | 
    Total |        36.8         63.2        100.0
          | [34.2,39.4]  [60.6,65.8]             
-------------------------------------------------
Key: Row percentage
     [95% confidence interval for row percentage]

  Pearson:
    Uncorrected   chi2(1)         =   59.1923
    Design-based  F(1, 682)       =   31.4021     P = 0.0000

===== sb1n vs ccp5_bin =====
(running tabulate on estimation sample)

Number of strata =  12                            Number of obs   =      4,101
Number of PSUs   = 697                            Population size = 4,556.6201
                                                  Design df       =        685

-------------------------------------------------
Ever had  |
sexual    |
intercour |      Heard about HPV vaccination     
se        |          No          Yes        Total
----------+--------------------------------------
       No |        38.9         61.1        100.0
          | [35.4,42.5]  [57.5,64.6]             
          | 
      Yes |        36.5         63.5        100.0
          | [33.5,39.7]  [60.3,66.5]             
          | 
    Total |        37.6         62.4        100.0
          | [35.1,40.2]  [59.8,64.9]             
-------------------------------------------------
Key: Row percentage
     [95% confidence interval for row percentage]

  Pearson:
    Uncorrected   chi2(1)         =    2.4215
    Design-based  F(1, 685)       =    1.2118     P = 0.2714

. log close table2
      name:  table2
       log:  C:\Users\phamh\OneDrive\Documents\Thesis_2026/HPV thesis/Output/tables/table2_awareness_bivariate.log
  log type:  text
 closed on:  22 Apr 2026, 18:01:21
---------------------------------------------------------------------------------------------------------------------------------------------------------------------------------------------------------------------------------------------------------------

. 
. *===============================================================
. *  TABLE 3: BIVARIATE – FACTORS ASSOCIATED WITH VACCINATION
. *===============================================================
. capture log close table3

. log using "`tab_dir'/table3_vaccination_bivariate.log", replace text name(table3)
---------------------------------------------------------------------------------------------------------------------------------------------------------------------------------------------------------------------------------------------------------------
      name:  table3
       log:  C:\Users\phamh\OneDrive\Documents\Thesis_2026/HPV thesis/Output/tables/table3_vaccination_bivariate.log
  log type:  text
 opened on:  22 Apr 2026, 18:01:21

. 
. foreach v of local assoc_vars {
  2.     di as txt _newline "===== `v' vs ccp6_bin ====="
  3.     svy: tabulate `v' ccp6_bin, row percent ci pearson format(%4.1f)
  4. }

===== WAGE vs ccp6_bin =====
(running tabulate on estimation sample)

Number of strata =  12                            Number of obs   =      4,102
Number of PSUs   = 697                            Population size = 4,556.7513
                                                  Design df       =        685

-------------------------------------------------
          |         Received HPV vaccine         
      Age |          No          Yes        Total
----------+--------------------------------------
    15-19 |        94.4          5.6        100.0
          | [92.0,96.1]    [3.9,8.0]             
          | 
    20-24 |        90.0         10.0        100.0
          | [87.2,92.3]   [7.7,12.8]             
          | 
    25-29 |        93.0          7.0        100.0
          | [91.1,94.5]    [5.5,8.9]             
          | 
    Total |        92.5          7.5        100.0
          | [91.2,93.7]    [6.3,8.8]             
-------------------------------------------------
Key: Row percentage
     [95% confidence interval for row percentage]

  Pearson:
    Uncorrected   chi2(2)         =   17.5613
    Design-based  F(1.98, 1353.98)=    4.2393     P = 0.0150

===== area vs ccp6_bin =====
(running tabulate on estimation sample)

Number of strata =  12                            Number of obs   =      4,102
Number of PSUs   = 697                            Population size = 4,556.7513
                                                  Design df       =        685

-------------------------------------------------
          |         Received HPV vaccine         
     Area |          No          Yes        Total
----------+--------------------------------------
    Urban |        88.6         11.4        100.0
          | [85.9,90.9]   [9.1,14.1]             
          | 
    Rural |        94.9          5.1        100.0
          | [93.3,96.1]    [3.9,6.7]             
          | 
    Total |        92.5          7.5        100.0
          | [91.2,93.7]    [6.3,8.8]             
-------------------------------------------------
Key: Row percentage
     [95% confidence interval for row percentage]

  Pearson:
    Uncorrected   chi2(1)         =   53.8777
    Design-based  F(1, 685)       =   20.7879     P = 0.0000

===== minority vs ccp6_bin =====
(running tabulate on estimation sample)

Number of strata =  12                            Number of obs   =      4,102
Number of PSUs   = 697                            Population size = 4,556.7513
                                                  Design df       =        685

-------------------------------------------------
Ethnic    |         Received HPV vaccine         
minority  |          No          Yes        Total
----------+--------------------------------------
       No |        91.5          8.5        100.0
          | [89.9,92.8]   [7.2,10.1]             
          | 
      Yes |        98.4          1.6        100.0
          | [96.6,99.2]    [0.8,3.4]             
          | 
    Total |        92.5          7.5        100.0
          | [91.2,93.7]    [6.3,8.8]             
-------------------------------------------------
Key: Row percentage
     [95% confidence interval for row percentage]

  Pearson:
    Uncorrected   chi2(1)         =   36.1282
    Design-based  F(1, 685)       =   23.9327     P = 0.0000

===== insu vs ccp6_bin =====
(running tabulate on estimation sample)

Number of strata =  12                            Number of obs   =      4,101
Number of PSUs   = 697                            Population size = 4,554.5164
                                                  Design df       =        685

-------------------------------------------------
          |         Received HPV vaccine         
Uninsured |          No          Yes        Total
----------+--------------------------------------
       No |        92.0          8.0        100.0
          | [90.5,93.3]    [6.7,9.5]             
          | 
      Yes |        96.0          4.0        100.0
          | [93.0,97.7]    [2.3,7.0]             
          | 
    Total |        92.5          7.5        100.0
          | [91.2,93.7]    [6.3,8.8]             
-------------------------------------------------
Key: Row percentage
     [95% confidence interval for row percentage]

  Pearson:
    Uncorrected   chi2(1)         =   11.1390
    Design-based  F(1, 685)       =    5.8360     P = 0.0160

===== MSTATUS vs ccp6_bin =====
(running tabulate on estimation sample)

Number of strata =  12                            Number of obs   =      4,101
Number of PSUs   = 697                            Population size = 4,555.9126
                                                  Design df       =        685

-------------------------------------------------
Marital/U |
nion      |
status of |         Received HPV vaccine         
woman     |          No          Yes        Total
----------+--------------------------------------
 Currentl |        94.9          5.1        100.0
          | [93.5,96.1]    [3.9,6.5]             
          | 
 Formerly |        92.7          7.3        100.0
          | [85.0,96.6]   [3.4,15.0]             
          | 
 Never ma |        90.3          9.7        100.0
          | [87.9,92.3]   [7.7,12.1]             
          | 
    Total |        92.5          7.5        100.0
          | [91.2,93.7]    [6.3,8.8]             
-------------------------------------------------
Key: Row percentage
     [95% confidence interval for row percentage]

  Pearson:
    Uncorrected   chi2(2)         =   30.9927
    Design-based  F(1.96, 1345.01)=    8.4314     P = 0.0003

===== edu vs ccp6_bin =====
(running tabulate on estimation sample)

Number of strata =  12                            Number of obs   =      4,102
Number of PSUs   = 697                            Population size = 4,556.7513
                                                  Design df       =        685

-------------------------------------------------
Education |         Received HPV vaccine         
group     |          No          Yes        Total
----------+--------------------------------------
  Primary |        99.2          0.8        100.0
          | [96.0,99.9]    [0.1,4.0]             
          | 
 Lower se |        97.6          2.4        100.0
          | [95.7,98.7]    [1.3,4.3]             
          | 
 Upper se |        90.5          9.5        100.0
          | [88.7,92.0]   [8.0,11.3]             
          | 
    Total |        92.5          7.5        100.0
          | [91.2,93.7]    [6.3,8.8]             
-------------------------------------------------
Key: Row percentage
     [95% confidence interval for row percentage]

  Pearson:
    Uncorrected   chi2(2)         =   64.9655
    Design-based  F(1.87, 1283.03)=   19.8531     P = 0.0000

===== ses5 vs ccp6_bin =====
(running tabulate on estimation sample)

Number of strata =  12                            Number of obs   =      4,102
Number of PSUs   = 697                            Population size = 4,556.7513
                                                  Design df       =        685

-------------------------------------------------
Wealth    |
index     |         Received HPV vaccine         
quintiles |          No          Yes        Total
----------+--------------------------------------
 Q1 poore |        99.3          0.7        100.0
          | [98.3,99.7]    [0.3,1.7]             
          | 
       Q2 |        94.0          6.0        100.0
          | [91.1,95.9]    [4.1,8.9]             
          | 
       Q3 |        94.1          5.9        100.0
          | [91.5,95.9]    [4.1,8.5]             
          | 
       Q4 |        90.8          9.2        100.0
          | [87.6,93.3]   [6.7,12.4]             
          | 
 Q5 riche |        83.4         16.6        100.0
          | [78.7,87.3]  [12.7,21.3]             
          | 
    Total |        92.5          7.5        100.0
          | [91.2,93.7]    [6.3,8.8]             
-------------------------------------------------
Key: Row percentage
     [95% confidence interval for row percentage]

  Pearson:
    Uncorrected   chi2(4)         =  147.3970
    Design-based  F(3.78, 2591.54)=   20.0664     P = 0.0000

===== mme vs ccp6_bin =====
(running tabulate on estimation sample)

Number of strata =  12                            Number of obs   =      4,102
Number of PSUs   = 697                            Population size = 4,556.7513
                                                  Design df       =        685

-------------------------------------------------
Any mass  |
media     |         Received HPV vaccine         
exposure  |          No          Yes        Total
----------+--------------------------------------
       No |        97.4          2.6        100.0
          | [93.1,99.0]    [1.0,6.9]             
          | 
      Yes |        92.0          8.0        100.0
          | [90.6,93.3]    [6.7,9.4]             
          | 
    Total |        92.5          7.5        100.0
          | [91.2,93.7]    [6.3,8.8]             
-------------------------------------------------
Key: Row percentage
     [95% confidence interval for row percentage]

  Pearson:
    Uncorrected   chi2(1)         =   14.0701
    Design-based  F(1, 685)       =    5.7663     P = 0.0166

===== ict vs ccp6_bin =====
(running tabulate on estimation sample)

Number of strata =  12                            Number of obs   =      4,102
Number of PSUs   = 697                            Population size = 4,556.7513
                                                  Design df       =        685

-------------------------------------------------
Any ICT   |         Received HPV vaccine         
exposure  |          No          Yes        Total
----------+--------------------------------------
       No |        97.3          2.7        100.0
          | [83.4,99.6]   [0.4,16.6]             
          | 
      Yes |        92.4          7.6        100.0
          | [91.0,93.6]    [6.4,9.0]             
          | 
    Total |        92.5          7.5        100.0
          | [91.2,93.7]    [6.3,8.8]             
-------------------------------------------------
Key: Row percentage
     [95% confidence interval for row percentage]

  Pearson:
    Uncorrected   chi2(1)         =    2.9312
    Design-based  F(1, 685)       =    1.2893     P = 0.2566

===== dvindex vs ccp6_bin =====
(running tabulate on estimation sample)

Number of strata =  12                             Number of obs   =     3,901
Number of PSUs   = 694                             Population size = 4,345.243
                                                   Design df       =       682

-------------------------------------------------
High      |
decision  |         Received HPV vaccine         
autonomy  |          No          Yes        Total
----------+--------------------------------------
       No |        96.8          3.2        100.0
          | [94.1,98.2]    [1.8,5.9]             
          | 
      Yes |        92.1          7.9        100.0
          | [90.6,93.3]    [6.7,9.4]             
          | 
    Total |        92.5          7.5        100.0
          | [91.2,93.7]    [6.3,8.8]             
-------------------------------------------------
Key: Row percentage
     [95% confidence interval for row percentage]

  Pearson:
    Uncorrected   chi2(1)         =   10.8619
    Design-based  F(1, 682)       =    8.9579     P = 0.0029

===== sb1n vs ccp6_bin =====
(running tabulate on estimation sample)

Number of strata =  12                            Number of obs   =      4,101
Number of PSUs   = 697                            Population size = 4,556.6201
                                                  Design df       =        685

-------------------------------------------------
Ever had  |
sexual    |
intercour |         Received HPV vaccine         
se        |          No          Yes        Total
----------+--------------------------------------
       No |        90.2          9.8        100.0
          | [87.7,92.2]   [7.8,12.3]             
          | 
      Yes |        94.6          5.4        100.0
          | [93.2,95.7]    [4.3,6.8]             
          | 
    Total |        92.5          7.5        100.0
          | [91.2,93.7]    [6.3,8.8]             
-------------------------------------------------
Key: Row percentage
     [95% confidence interval for row percentage]

  Pearson:
    Uncorrected   chi2(1)         =   28.0699
    Design-based  F(1, 685)       =   14.0516     P = 0.0002

. log close table3
      name:  table3
       log:  C:\Users\phamh\OneDrive\Documents\Thesis_2026/HPV thesis/Output/tables/table3_vaccination_bivariate.log
  log type:  text
 closed on:  22 Apr 2026, 18:01:22
---------------------------------------------------------------------------------------------------------------------------------------------------------------------------------------------------------------------------------------------------------------

. 
. *===============================================================
. *  TABLE 4: CONCENTRATION INDEX & INEQUALITY
. *===============================================================
. capture log close table4

. log using "`tab_dir'/table4_inequality.log", replace text name(table4)
---------------------------------------------------------------------------------------------------------------------------------------------------------------------------------------------------------------------------------------------------------------
      name:  table4
       log:  C:\Users\phamh\OneDrive\Documents\Thesis_2026/HPV thesis/Output/tables/table4_inequality.log
  log type:  text
 opened on:  22 Apr 2026, 18:01:22

. 
. * 4a. Overall CI for each outcome.
. foreach y in ccp5_bin ccp6_bin gap {
  2.     di as txt _newline "===== Overall CI for `y' ====="
  3.     capture noisily conindex `y', rankvar(ses) truezero limits(0 1) svy
  4. }

===== Overall CI for ccp5_bin =====
------------------------------------------------------------------------------+
Index:             | No. of obs. | Index value | Std. error        | p-value  |
-------------------+-------------+-------------+-------------------+----------|
CI                 | 4102        | .1487267    |.00890776          |  0.0000  |
------------------------------------------------------------------------------+

===== Overall CI for ccp6_bin =====
------------------------------------------------------------------------------+
Index:             | No. of obs. | Index value | Std. error        | p-value  |
-------------------+-------------+-------------+-------------------+----------|
CI                 | 4102        | .38923472   |.04747412          |  0.0000  |
------------------------------------------------------------------------------+

===== Overall CI for gap =====
------------------------------------------------------------------------------+
Index:             | No. of obs. | Index value | Std. error        | p-value  |
-------------------+-------------+-------------+-------------------+----------|
CI                 | 2133        | -.03498531  |.00594279          |  0.0000  |
------------------------------------------------------------------------------+

. 
. * 4b. Subgroup CI comparisons.
. foreach y in ccp5_bin ccp6_bin {
  2.     di as txt _newline "===== Subgroup CI for `y' ====="
  3.     foreach g of local assoc_vars {
  4.         capture noisily conindex `y', rankvar(ses) truezero limits(0 1) compare(`g') svy
  5.     }
  6. }

===== Subgroup CI for ccp5_bin =====
------------------------------------------------------------------------------+
Index:             | No. of obs. | Index value | Std. error        | p-value  |
-------------------+-------------+-------------+-------------------+----------|
CI                 | 4102        | .1487267    |.00890776          |  0.0000  |
------------------------------------------------------------------------------+


For groups:


CI for group 1: WAGE = 1
------------------------------------------------------------------------------+
Index:             | No. of obs. | Index value | Std. error        | p-value  |
-------------------+-------------+-------------+-------------------+----------|
CI                 | 1349        | .18343098   |.0208648           |  0.0000  |
------------------------------------------------------------------------------+

CI for group 2: WAGE = 2
------------------------------------------------------------------------------+
Index:             | No. of obs. | Index value | Std. error        | p-value  |
-------------------+-------------+-------------+-------------------+----------|
CI                 | 1150        | .15067986   |.01517047          |  0.0000  |
------------------------------------------------------------------------------+

CI for group 3: WAGE = 3
------------------------------------------------------------------------------+
Index:             | No. of obs. | Index value | Std. error        | p-value  |
-------------------+-------------+-------------+-------------------+----------|
CI                 | 1603        | .13698574   |.01111328          |  0.0000  |
------------------------------------------------------------------------------+


Test for stat. significant differences with Ho: diff=0 (assuming equal variances)
---------------------------------------+
F-stat = 1.269926  | p-value=  0.2810  |
---------------------------------------+
------------------------------------------------------------------------------+
Index:             | No. of obs. | Index value | Std. error        | p-value  |
-------------------+-------------+-------------+-------------------+----------|
CI                 | 4102        | .1487267    |.00890776          |  0.0000  |
------------------------------------------------------------------------------+


For groups:


CI for group 1: area = 1
------------------------------------------------------------------------------+
Index:             | No. of obs. | Index value | Std. error        | p-value  |
-------------------+-------------+-------------+-------------------+----------|
CI                 | 1206        | .10081425   |.01286786          |  0.0000  |
------------------------------------------------------------------------------+

CI for group 2: area = 2
------------------------------------------------------------------------------+
Index:             | No. of obs. | Index value | Std. error        | p-value  |
-------------------+-------------+-------------+-------------------+----------|
CI                 | 2896        | .15822075   |.01352138          |  0.0000  |
------------------------------------------------------------------------------+


Test for stat. significant differences with Ho: diff=0 (assuming equal variances)
---------------------------------------+
F-stat = 45.938502 | p-value=  0.0000  |
---------------------------------------+
Test for stat. significant differences with Ho: diff=0 (large sample assumed)
--------------------------------------------------------------------------------+
Diff. = .0574065   | Std. err. = .01866573 | z-stat =    3.08| p-value =  0.0021|
--------------------------------------------------------------------------------+
------------------------------------------------------------------------------+
Index:             | No. of obs. | Index value | Std. error        | p-value  |
-------------------+-------------+-------------+-------------------+----------|
CI                 | 4102        | .1487267    |.00890776          |  0.0000  |
------------------------------------------------------------------------------+


For groups:


CI for group 1: minority = 0
------------------------------------------------------------------------------+
Index:             | No. of obs. | Index value | Std. error        | p-value  |
-------------------+-------------+-------------+-------------------+----------|
CI                 | 2415        | .10251049   |.01003363          |  0.0000  |
------------------------------------------------------------------------------+

CI for group 2: minority = 1
------------------------------------------------------------------------------+
Index:             | No. of obs. | Index value | Std. error        | p-value  |
-------------------+-------------+-------------+-------------------+----------|
CI                 | 1687        | .26571213   |.02558299          |  0.0000  |
------------------------------------------------------------------------------+


Test for stat. significant differences with Ho: diff=0 (assuming equal variances)
---------------------------------------+
F-stat = 82.017471 | p-value=  0.0000  |
---------------------------------------+
Test for stat. significant differences with Ho: diff=0 (large sample assumed)
--------------------------------------------------------------------------------+
Diff. = .16320164  | Std. err. = .02748023 | z-stat =    5.94| p-value =  0.0000|
--------------------------------------------------------------------------------+
------------------------------------------------------------------------------+
Index:             | No. of obs. | Index value | Std. error        | p-value  |
-------------------+-------------+-------------+-------------------+----------|
CI                 | 4101        | .14852369   |.0088993           |  0.0000  |
------------------------------------------------------------------------------+


For groups:


CI for group 1: insu = 0
------------------------------------------------------------------------------+
Index:             | No. of obs. | Index value | Std. error        | p-value  |
-------------------+-------------+-------------+-------------------+----------|
CI                 | 3605        | .14308592   |.00942164          |  0.0000  |
------------------------------------------------------------------------------+

CI for group 2: insu = 1
------------------------------------------------------------------------------+
Index:             | No. of obs. | Index value | Std. error        | p-value  |
-------------------+-------------+-------------+-------------------+----------|
CI                 | 496         | .18357045   |.02407483          |  0.0000  |
------------------------------------------------------------------------------+


Test for stat. significant differences with Ho: diff=0 (assuming equal variances)
---------------------------------------+
F-stat = .03339435 | p-value=  0.8550  |
---------------------------------------+
Test for stat. significant differences with Ho: diff=0 (large sample assumed)
--------------------------------------------------------------------------------+
Diff. = .04048453  | Std. err. = .02585275 | z-stat =    1.57| p-value =  0.1174|
--------------------------------------------------------------------------------+
------------------------------------------------------------------------------+
Index:             | No. of obs. | Index value | Std. error        | p-value  |
-------------------+-------------+-------------+-------------------+----------|
CI                 | 4101        | .1489341    |.00889568          |  0.0000  |
------------------------------------------------------------------------------+


For groups:


CI for group 1: MSTATUS = 1
------------------------------------------------------------------------------+
Index:             | No. of obs. | Index value | Std. error        | p-value  |
-------------------+-------------+-------------+-------------------+----------|
CI                 | 2268        | .16154482   |.01187284          |  0.0000  |
------------------------------------------------------------------------------+

CI for group 2: MSTATUS = 2
------------------------------------------------------------------------------+
Index:             | No. of obs. | Index value | Std. error        | p-value  |
-------------------+-------------+-------------+-------------------+----------|
CI                 | 106         | .28014126   |.0490602           |  0.0000  |
------------------------------------------------------------------------------+

CI for group 3: MSTATUS = 3
------------------------------------------------------------------------------+
Index:             | No. of obs. | Index value | Std. error        | p-value  |
-------------------+-------------+-------------+-------------------+----------|
CI                 | 1727        | .14212412   |.01279727          |  0.0000  |
------------------------------------------------------------------------------+


Test for stat. significant differences with Ho: diff=0 (assuming equal variances)
---------------------------------------+
F-stat = 7.5803923 | p-value=  0.0005  |
---------------------------------------+
------------------------------------------------------------------------------+
Index:             | No. of obs. | Index value | Std. error        | p-value  |
-------------------+-------------+-------------+-------------------+----------|
CI                 | 4102        | .1487267    |.00890776          |  0.0000  |
------------------------------------------------------------------------------+


For groups:


CI for group 1: edu = 1
------------------------------------------------------------------------------+
Index:             | No. of obs. | Index value | Std. error        | p-value  |
-------------------+-------------+-------------+-------------------+----------|
CI                 | 601         | .28771381   |.0862658           |  0.0010  |
------------------------------------------------------------------------------+

CI for group 2: edu = 2
------------------------------------------------------------------------------+
Index:             | No. of obs. | Index value | Std. error        | p-value  |
-------------------+-------------+-------------+-------------------+----------|
CI                 | 1074        | .13088518   |.02263079          |  0.0000  |
------------------------------------------------------------------------------+

CI for group 3: edu = 3
------------------------------------------------------------------------------+
Index:             | No. of obs. | Index value | Std. error        | p-value  |
-------------------+-------------+-------------+-------------------+----------|
CI                 | 2427        | .10393318   |.00922595          |  0.0000  |
------------------------------------------------------------------------------+


Test for stat. significant differences with Ho: diff=0 (assuming equal variances)
---------------------------------------+
F-stat = 23.07867  | p-value=  0.0000  |
---------------------------------------+
------------------------------------------------------------------------------+
Index:             | No. of obs. | Index value | Std. error        | p-value  |
-------------------+-------------+-------------+-------------------+----------|
CI                 | 4102        | .1487267    |.00890776          |  0.0000  |
------------------------------------------------------------------------------+


For groups:


CI for group 1: ses5 = 1
------------------------------------------------------------------------------+
Index:             | No. of obs. | Index value | Std. error        | p-value  |
-------------------+-------------+-------------+-------------------+----------|
CI                 | 1587        | .16021791   |.03644849          |  0.0000  |
------------------------------------------------------------------------------+

CI for group 2: ses5 = 2
------------------------------------------------------------------------------+
Index:             | No. of obs. | Index value | Std. error        | p-value  |
-------------------+-------------+-------------+-------------------+----------|
CI                 | 716         | .0252117    |.022556            |  0.2645  |
------------------------------------------------------------------------------+

CI for group 3: ses5 = 3
------------------------------------------------------------------------------+
Index:             | No. of obs. | Index value | Std. error        | p-value  |
-------------------+-------------+-------------+-------------------+----------|
CI                 | 647         | -.00370531  |.01971415          |  0.8510  |
------------------------------------------------------------------------------+

CI for group 4: ses5 = 4
------------------------------------------------------------------------------+
Index:             | No. of obs. | Index value | Std. error        | p-value  |
-------------------+-------------+-------------+-------------------+----------|
CI                 | 603         | -.00251326  |.01716698          |  0.8837  |
------------------------------------------------------------------------------+

CI for group 5: ses5 = 5
------------------------------------------------------------------------------+
Index:             | No. of obs. | Index value | Std. error        | p-value  |
-------------------+-------------+-------------+-------------------+----------|
CI                 | 549         | .03745762   |.01078973          |  0.0006  |
------------------------------------------------------------------------------+


Test for stat. significant differences with Ho: diff=0 (assuming equal variances)
---------------------------------------+
F-stat = 28.435109 | p-value=  0.0000  |
---------------------------------------+
------------------------------------------------------------------------------+
Index:             | No. of obs. | Index value | Std. error        | p-value  |
-------------------+-------------+-------------+-------------------+----------|
CI                 | 4102        | .1487267    |.00890776          |  0.0000  |
------------------------------------------------------------------------------+


For groups:


CI for group 1: mme = 0
------------------------------------------------------------------------------+
Index:             | No. of obs. | Index value | Std. error        | p-value  |
-------------------+-------------+-------------+-------------------+----------|
CI                 | 729         | .30979815   |.03719686          |  0.0000  |
------------------------------------------------------------------------------+

CI for group 2: mme = 1
------------------------------------------------------------------------------+
Index:             | No. of obs. | Index value | Std. error        | p-value  |
-------------------+-------------+-------------+-------------------+----------|
CI                 | 3373        | .12560135   |.00910788          |  0.0000  |
------------------------------------------------------------------------------+


Test for stat. significant differences with Ho: diff=0 (assuming equal variances)
---------------------------------------+
F-stat = 26.562674 | p-value=  0.0000  |
---------------------------------------+
Test for stat. significant differences with Ho: diff=0 (large sample assumed)
--------------------------------------------------------------------------------+
Diff. = -.1841968  | Std. err. = .03829569 | z-stat =   -4.81| p-value =  0.0000|
--------------------------------------------------------------------------------+
------------------------------------------------------------------------------+
Index:             | No. of obs. | Index value | Std. error        | p-value  |
-------------------+-------------+-------------+-------------------+----------|
CI                 | 4102        | .1487267    |.00890776          |  0.0000  |
------------------------------------------------------------------------------+


For groups:


CI for group 1: ict = 0
------------------------------------------------------------------------------+
Index:             | No. of obs. | Index value | Std. error        | p-value  |
-------------------+-------------+-------------+-------------------+----------|
CI                 | 219         | .40231      |.10731336          |  0.0003  |
------------------------------------------------------------------------------+

CI for group 2: ict = 1
------------------------------------------------------------------------------+
Index:             | No. of obs. | Index value | Std. error        | p-value  |
-------------------+-------------+-------------+-------------------+----------|
CI                 | 3883        | .13934385   |.00891935          |  0.0000  |
------------------------------------------------------------------------------+


Test for stat. significant differences with Ho: diff=0 (assuming equal variances)
---------------------------------------+
F-stat = 19.753403 | p-value=  0.0000  |
---------------------------------------+
Test for stat. significant differences with Ho: diff=0 (large sample assumed)
--------------------------------------------------------------------------------+
Diff. = -.26296615 | Std. err. = .10768339 | z-stat =   -2.44| p-value =  0.0146|
--------------------------------------------------------------------------------+
------------------------------------------------------------------------------+
Index:             | No. of obs. | Index value | Std. error        | p-value  |
-------------------+-------------+-------------+-------------------+----------|
CI                 | 3901        | .14437938   |.00925449          |  0.0000  |
------------------------------------------------------------------------------+


For groups:


CI for group 1: dvindex = 0
------------------------------------------------------------------------------+
Index:             | No. of obs. | Index value | Std. error        | p-value  |
-------------------+-------------+-------------+-------------------+----------|
CI                 | 534         | .19409627   |.03569541          |  0.0000  |
------------------------------------------------------------------------------+

CI for group 2: dvindex = 1
------------------------------------------------------------------------------+
Index:             | No. of obs. | Index value | Std. error        | p-value  |
-------------------+-------------+-------------+-------------------+----------|
CI                 | 3367        | .13438877   |.00965325          |  0.0000  |
------------------------------------------------------------------------------+


Test for stat. significant differences with Ho: diff=0 (assuming equal variances)
---------------------------------------+
F-stat = 11.564862 | p-value=  0.0007  |
---------------------------------------+
Test for stat. significant differences with Ho: diff=0 (large sample assumed)
--------------------------------------------------------------------------------+
Diff. = -.0597075  | Std. err. = .03697766 | z-stat =   -1.61| p-value =  0.1064|
--------------------------------------------------------------------------------+
------------------------------------------------------------------------------+
Index:             | No. of obs. | Index value | Std. error        | p-value  |
-------------------+-------------+-------------+-------------------+----------|
CI                 | 4101        | .14870283   |.00890846          |  0.0000  |
------------------------------------------------------------------------------+


For groups:


CI for group 1: sb1n = 0
------------------------------------------------------------------------------+
Index:             | No. of obs. | Index value | Std. error        | p-value  |
-------------------+-------------+-------------+-------------------+----------|
CI                 | 1632        | .14725093   |.01277494          |  0.0000  |
------------------------------------------------------------------------------+

CI for group 2: sb1n = 1
------------------------------------------------------------------------------+
Index:             | No. of obs. | Index value | Std. error        | p-value  |
-------------------+-------------+-------------+-------------------+----------|
CI                 | 2469        | .16308778   |.01131806          |  0.0000  |
------------------------------------------------------------------------------+


Test for stat. significant differences with Ho: diff=0 (assuming equal variances)
---------------------------------------+
F-stat = 8.8903294 | p-value=  0.0029  |
---------------------------------------+
Test for stat. significant differences with Ho: diff=0 (large sample assumed)
--------------------------------------------------------------------------------+
Diff. = .01583685  | Std. err. = .01706744 | z-stat =    0.93| p-value =  0.3535|
--------------------------------------------------------------------------------+

===== Subgroup CI for ccp6_bin =====
------------------------------------------------------------------------------+
Index:             | No. of obs. | Index value | Std. error        | p-value  |
-------------------+-------------+-------------+-------------------+----------|
CI                 | 4102        | .38923472   |.04747412          |  0.0000  |
------------------------------------------------------------------------------+


For groups:


CI for group 1: WAGE = 1
------------------------------------------------------------------------------+
Index:             | No. of obs. | Index value | Std. error        | p-value  |
-------------------+-------------+-------------+-------------------+----------|
CI                 | 1349        | .54015812   |.1160617           |  0.0000  |
------------------------------------------------------------------------------+

CI for group 2: WAGE = 2
------------------------------------------------------------------------------+
Index:             | No. of obs. | Index value | Std. error        | p-value  |
-------------------+-------------+-------------+-------------------+----------|
CI                 | 1150        | .38354395   |.07114206          |  0.0000  |
------------------------------------------------------------------------------+

CI for group 3: WAGE = 3
------------------------------------------------------------------------------+
Index:             | No. of obs. | Index value | Std. error        | p-value  |
-------------------+-------------+-------------+-------------------+----------|
CI                 | 1603        | .30893079   |.06184007          |  0.0000  |
------------------------------------------------------------------------------+


Test for stat. significant differences with Ho: diff=0 (assuming equal variances)
---------------------------------------+
F-stat = .78100767 | p-value=  0.4580  |
---------------------------------------+
------------------------------------------------------------------------------+
Index:             | No. of obs. | Index value | Std. error        | p-value  |
-------------------+-------------+-------------+-------------------+----------|
CI                 | 4102        | .38923472   |.04747412          |  0.0000  |
------------------------------------------------------------------------------+


For groups:


CI for group 1: area = 1
------------------------------------------------------------------------------+
Index:             | No. of obs. | Index value | Std. error        | p-value  |
-------------------+-------------+-------------+-------------------+----------|
CI                 | 1206        | .25360208   |.06465221          |  0.0001  |
------------------------------------------------------------------------------+

CI for group 2: area = 2
------------------------------------------------------------------------------+
Index:             | No. of obs. | Index value | Std. error        | p-value  |
-------------------+-------------+-------------+-------------------+----------|
CI                 | 2896        | .42461988   |.07219907          |  0.0000  |
------------------------------------------------------------------------------+


Test for stat. significant differences with Ho: diff=0 (assuming equal variances)
---------------------------------------+
F-stat = 1.8237761 | p-value=  0.1769  |
---------------------------------------+
Test for stat. significant differences with Ho: diff=0 (large sample assumed)
--------------------------------------------------------------------------------+
Diff. = .1710178   | Std. err. = .0969155  | z-stat =    1.76| p-value =  0.0776|
--------------------------------------------------------------------------------+
------------------------------------------------------------------------------+
Index:             | No. of obs. | Index value | Std. error        | p-value  |
-------------------+-------------+-------------+-------------------+----------|
CI                 | 4102        | .38923472   |.04747412          |  0.0000  |
------------------------------------------------------------------------------+


For groups:


CI for group 1: minority = 0
------------------------------------------------------------------------------+
Index:             | No. of obs. | Index value | Std. error        | p-value  |
-------------------+-------------+-------------+-------------------+----------|
CI                 | 2415        | .31732321   |.04846049          |  0.0000  |
------------------------------------------------------------------------------+

CI for group 2: minority = 1
------------------------------------------------------------------------------+
Index:             | No. of obs. | Index value | Std. error        | p-value  |
-------------------+-------------+-------------+-------------------+----------|
CI                 | 1687        | .58378067   |.31899921          |  0.0683  |
------------------------------------------------------------------------------+


Test for stat. significant differences with Ho: diff=0 (assuming equal variances)
---------------------------------------+
F-stat = .87705389 | p-value=  0.3491  |
---------------------------------------+
Test for stat. significant differences with Ho: diff=0 (large sample assumed)
--------------------------------------------------------------------------------+
Diff. = .26645745  | Std. err. = .32265913 | z-stat =    0.83| p-value =  0.4089|
--------------------------------------------------------------------------------+
------------------------------------------------------------------------------+
Index:             | No. of obs. | Index value | Std. error        | p-value  |
-------------------+-------------+-------------+-------------------+----------|
CI                 | 4101        | .38900345   |.04746654          |  0.0000  |
------------------------------------------------------------------------------+


For groups:


CI for group 1: insu = 0
------------------------------------------------------------------------------+
Index:             | No. of obs. | Index value | Std. error        | p-value  |
-------------------+-------------+-------------+-------------------+----------|
CI                 | 3605        | .37123849   |.04952674          |  0.0000  |
------------------------------------------------------------------------------+

CI for group 2: insu = 1
------------------------------------------------------------------------------+
Index:             | No. of obs. | Index value | Std. error        | p-value  |
-------------------+-------------+-------------+-------------------+----------|
CI                 | 496         | .50891269   |.18129037          |  0.0054  |
------------------------------------------------------------------------------+


Test for stat. significant differences with Ho: diff=0 (assuming equal variances)
---------------------------------------+
F-stat = .05104524 | p-value=  0.8213  |
---------------------------------------+
Test for stat. significant differences with Ho: diff=0 (large sample assumed)
--------------------------------------------------------------------------------+
Diff. = .13767421  | Std. err. = .18793376 | z-stat =    0.73| p-value =  0.4638|
--------------------------------------------------------------------------------+
------------------------------------------------------------------------------+
Index:             | No. of obs. | Index value | Std. error        | p-value  |
-------------------+-------------+-------------+-------------------+----------|
CI                 | 4101        | .38948035   |.04749448          |  0.0000  |
------------------------------------------------------------------------------+


For groups:


CI for group 1: MSTATUS = 1
------------------------------------------------------------------------------+
Index:             | No. of obs. | Index value | Std. error        | p-value  |
-------------------+-------------+-------------+-------------------+----------|
CI                 | 2268        | .35851536   |.06906817          |  0.0000  |
------------------------------------------------------------------------------+

CI for group 2: MSTATUS = 2
------------------------------------------------------------------------------+
Index:             | No. of obs. | Index value | Std. error        | p-value  |
-------------------+-------------+-------------+-------------------+----------|
CI                 | 106         | .32099187   |.23492186          |  0.1756  |
------------------------------------------------------------------------------+

CI for group 3: MSTATUS = 3
------------------------------------------------------------------------------+
Index:             | No. of obs. | Index value | Std. error        | p-value  |
-------------------+-------------+-------------+-------------------+----------|
CI                 | 1727        | .37425973   |.06165474          |  0.0000  |
------------------------------------------------------------------------------+


Test for stat. significant differences with Ho: diff=0 (assuming equal variances)
---------------------------------------+
F-stat = .96458378 | p-value=  0.3812  |
---------------------------------------+
------------------------------------------------------------------------------+
Index:             | No. of obs. | Index value | Std. error        | p-value  |
-------------------+-------------+-------------+-------------------+----------|
CI                 | 4102        | .38923472   |.04747412          |  0.0000  |
------------------------------------------------------------------------------+


For groups:


CI for group 1: edu = 1
------------------------------------------------------------------------------+
Index:             | No. of obs. | Index value | Std. error        | p-value  |
-------------------+-------------+-------------+-------------------+----------|
CI                 | 601         | .30173257   |.37423443          |  0.4212  |
------------------------------------------------------------------------------+

CI for group 2: edu = 2
------------------------------------------------------------------------------+
Index:             | No. of obs. | Index value | Std. error        | p-value  |
-------------------+-------------+-------------+-------------------+----------|
CI                 | 1074        | .40337782   |.20565012          |  0.0505  |
------------------------------------------------------------------------------+

CI for group 3: edu = 3
------------------------------------------------------------------------------+
Index:             | No. of obs. | Index value | Std. error        | p-value  |
-------------------+-------------+-------------+-------------------+----------|
CI                 | 2427        | .29323452   |.04935896          |  0.0000  |
------------------------------------------------------------------------------+


Test for stat. significant differences with Ho: diff=0 (assuming equal variances)
---------------------------------------+
F-stat = .17515072 | p-value=  0.8393  |
---------------------------------------+
------------------------------------------------------------------------------+
Index:             | No. of obs. | Index value | Std. error        | p-value  |
-------------------+-------------+-------------+-------------------+----------|
CI                 | 4102        | .38923472   |.04747412          |  0.0000  |
------------------------------------------------------------------------------+


For groups:


CI for group 1: ses5 = 1
------------------------------------------------------------------------------+
Index:             | No. of obs. | Index value | Std. error        | p-value  |
-------------------+-------------+-------------+-------------------+----------|
CI                 | 1587        | .24511118   |.29195956          |  0.4018  |
------------------------------------------------------------------------------+

CI for group 2: ses5 = 2
------------------------------------------------------------------------------+
Index:             | No. of obs. | Index value | Std. error        | p-value  |
-------------------+-------------+-------------+-------------------+----------|
CI                 | 716         | .33584281   |.12059912          |  0.0057  |
------------------------------------------------------------------------------+

CI for group 3: ses5 = 3
------------------------------------------------------------------------------+
Index:             | No. of obs. | Index value | Std. error        | p-value  |
-------------------+-------------+-------------+-------------------+----------|
CI                 | 647         | .17559031   |.11771048          |  0.1367  |
------------------------------------------------------------------------------+

CI for group 4: ses5 = 4
------------------------------------------------------------------------------+
Index:             | No. of obs. | Index value | Std. error        | p-value  |
-------------------+-------------+-------------+-------------------+----------|
CI                 | 603         | .18479285   |.08529344          |  0.0311  |
------------------------------------------------------------------------------+

CI for group 5: ses5 = 5
------------------------------------------------------------------------------+
Index:             | No. of obs. | Index value | Std. error        | p-value  |
-------------------+-------------+-------------+-------------------+----------|
CI                 | 549         | .11711924   |.0723177           |  0.1068  |
------------------------------------------------------------------------------+


Test for stat. significant differences with Ho: diff=0 (assuming equal variances)
---------------------------------------+
F-stat = .07159623 | p-value=  0.9907  |
---------------------------------------+
------------------------------------------------------------------------------+
Index:             | No. of obs. | Index value | Std. error        | p-value  |
-------------------+-------------+-------------+-------------------+----------|
CI                 | 4102        | .38923472   |.04747412          |  0.0000  |
------------------------------------------------------------------------------+


For groups:


CI for group 1: mme = 0
------------------------------------------------------------------------------+
Index:             | No. of obs. | Index value | Std. error        | p-value  |
-------------------+-------------+-------------+-------------------+----------|
CI                 | 729         | .83158493   |.42445364          |  0.0513  |
------------------------------------------------------------------------------+

CI for group 2: mme = 1
------------------------------------------------------------------------------+
Index:             | No. of obs. | Index value | Std. error        | p-value  |
-------------------+-------------+-------------+-------------------+----------|
CI                 | 3373        | .34694466   |.0474066           |  0.0000  |
------------------------------------------------------------------------------+


Test for stat. significant differences with Ho: diff=0 (assuming equal variances)
---------------------------------------+
F-stat = 1.1262077 | p-value=  0.2886  |
---------------------------------------+
Test for stat. significant differences with Ho: diff=0 (large sample assumed)
--------------------------------------------------------------------------------+
Diff. = -.48464027 | Std. err. = .42709282 | z-stat =   -1.13| p-value =  0.2565|
--------------------------------------------------------------------------------+
------------------------------------------------------------------------------+
Index:             | No. of obs. | Index value | Std. error        | p-value  |
-------------------+-------------+-------------+-------------------+----------|
CI                 | 4102        | .38923472   |.04747412          |  0.0000  |
------------------------------------------------------------------------------+


For groups:


CI for group 1: ict = 0
------------------------------------------------------------------------------+
Index:             | No. of obs. | Index value | Std. error        | p-value  |
-------------------+-------------+-------------+-------------------+----------|
CI                 | 219         | .9428332    |.86501388          |  0.2786  |
------------------------------------------------------------------------------+

CI for group 2: ict = 1
------------------------------------------------------------------------------+
Index:             | No. of obs. | Index value | Std. error        | p-value  |
-------------------+-------------+-------------+-------------------+----------|
CI                 | 3883        | .37502554   |.0470685           |  0.0000  |
------------------------------------------------------------------------------+


Test for stat. significant differences with Ho: diff=0 (assuming equal variances)
---------------------------------------+
F-stat = .21528983 | p-value=  0.6427  |
---------------------------------------+
Test for stat. significant differences with Ho: diff=0 (large sample assumed)
--------------------------------------------------------------------------------+
Diff. = -.56780766 | Std. err. = .86629352 | z-stat =   -0.66| p-value =  0.5122|
--------------------------------------------------------------------------------+
------------------------------------------------------------------------------+
Index:             | No. of obs. | Index value | Std. error        | p-value  |
-------------------+-------------+-------------+-------------------+----------|
CI                 | 3901        | .38114427   |.0487359           |  0.0000  |
------------------------------------------------------------------------------+


For groups:


CI for group 1: dvindex = 0
------------------------------------------------------------------------------+
Index:             | No. of obs. | Index value | Std. error        | p-value  |
-------------------+-------------+-------------+-------------------+----------|
CI                 | 534         | .60805892   |.22063488          |  0.0063  |
------------------------------------------------------------------------------+

CI for group 2: dvindex = 1
------------------------------------------------------------------------------+
Index:             | No. of obs. | Index value | Std. error        | p-value  |
-------------------+-------------+-------------+-------------------+----------|
CI                 | 3367        | .35781484   |.04887335          |  0.0000  |
------------------------------------------------------------------------------+


Test for stat. significant differences with Ho: diff=0 (assuming equal variances)
---------------------------------------+
F-stat = 8.9966144 | p-value=  0.0027  |
---------------------------------------+
Test for stat. significant differences with Ho: diff=0 (large sample assumed)
--------------------------------------------------------------------------------+
Diff. = -.25024408 | Std. err. = .22598309 | z-stat =   -1.11| p-value =  0.2681|
--------------------------------------------------------------------------------+
------------------------------------------------------------------------------+
Index:             | No. of obs. | Index value | Std. error        | p-value  |
-------------------+-------------+-------------+-------------------+----------|
CI                 | 4101        | .3892173    |.0474739           |  0.0000  |
------------------------------------------------------------------------------+


For groups:


CI for group 1: sb1n = 0
------------------------------------------------------------------------------+
Index:             | No. of obs. | Index value | Std. error        | p-value  |
-------------------+-------------+-------------+-------------------+----------|
CI                 | 1632        | .36158629   |.06233031          |  0.0000  |
------------------------------------------------------------------------------+

CI for group 2: sb1n = 1
------------------------------------------------------------------------------+
Index:             | No. of obs. | Index value | Std. error        | p-value  |
-------------------+-------------+-------------+-------------------+----------|
CI                 | 2469        | .37265864   |.0636598           |  0.0000  |
------------------------------------------------------------------------------+


Test for stat. significant differences with Ho: diff=0 (assuming equal variances)
---------------------------------------+
F-stat = 1.5174635 | p-value=  0.2181  |
---------------------------------------+
Test for stat. significant differences with Ho: diff=0 (large sample assumed)
--------------------------------------------------------------------------------+
Diff. = .01107235  | Std. err. = .08909342 | z-stat =    0.12| p-value =  0.9011|
--------------------------------------------------------------------------------+

. log close table4
      name:  table4
       log:  C:\Users\phamh\OneDrive\Documents\Thesis_2026/HPV thesis/Output/tables/table4_inequality.log
  log type:  text
 closed on:  22 Apr 2026, 18:01:34
---------------------------------------------------------------------------------------------------------------------------------------------------------------------------------------------------------------------------------------------------------------

. 
. * 4c. Export overall CI to CSV.
. tempname ci_post

. postfile `ci_post' str12 outcome double(n ci se lci uci) ///
>     using "`tab_dir'/table4_overall_ci.dta", replace

. 
. foreach y in ccp5_bin ccp6_bin gap {
  2.     capture noisily conindex `y', rankvar(ses) truezero limits(0 1) svy
  3.     if _rc == 0 {
  4.         scalar ci_v  = r(CI)
  5.         scalar se_v  = r(CIse)
  6.         scalar z975  = invnormal(0.975)
  7.         scalar lci_v = ci_v - z975 * se_v
  8.         scalar uci_v = ci_v + z975 * se_v
  9.         post `ci_post' ("`y'") (r(N)) (ci_v) (se_v) (lci_v) (uci_v)
 10.     }
 11. }
------------------------------------------------------------------------------+
Index:             | No. of obs. | Index value | Std. error        | p-value  |
-------------------+-------------+-------------+-------------------+----------|
CI                 | 4102        | .1487267    |.00890776          |  0.0000  |
------------------------------------------------------------------------------+
------------------------------------------------------------------------------+
Index:             | No. of obs. | Index value | Std. error        | p-value  |
-------------------+-------------+-------------+-------------------+----------|
CI                 | 4102        | .38923472   |.04747412          |  0.0000  |
------------------------------------------------------------------------------+
------------------------------------------------------------------------------+
Index:             | No. of obs. | Index value | Std. error        | p-value  |
-------------------+-------------+-------------+-------------------+----------|
CI                 | 2133        | -.03498531  |.00594279          |  0.0000  |
------------------------------------------------------------------------------+

. postclose `ci_post'

. 
. preserve

. use "`tab_dir'/table4_overall_ci.dta", clear

. export delimited using "`tab_dir'/table4_overall_ci.csv", replace
file C:\Users\phamh\OneDrive\Documents\Thesis_2026/HPV thesis/Output/tables/table4_overall_ci.csv saved

. restore

. 
. *===============================================================
. *  TABLE 5: MULTIVARIABLE POISSON REGRESSION (PR + 95% CI)
. *===============================================================
. capture log close table5

. log using "`tab_dir'/table5_models.log", replace text name(table5)
---------------------------------------------------------------------------------------------------------------------------------------------------------------------------------------------------------------------------------------------------------------
      name:  table5
       log:  C:\Users\phamh\OneDrive\Documents\Thesis_2026/HPV thesis/Output/tables/table5_models.log
  log type:  text
 opened on:  22 Apr 2026, 18:01:34

. 
. capture which esttab

. if _rc {
.     di as error "esttab not installed. Install with: ssc install estout"
. }

. else {
.     eststo clear
. 
.     * Model 1: Awareness.
.     eststo m_aware: svy: poisson ccp5_bin ///
>         i.rural ib3.WAGE ib1.MSTATUS ib3.edu ///
>         i.insu i.minority ib5.ses5 i.mme `model_ict' ///
>         i.dvindex i.sb1n, irr
(running poisson on estimation sample)

Survey: Poisson regression

Number of strata =  12                             Number of obs   =     3,899
Number of PSUs   = 694                             Population size = 4,342.877
                                                   Design df       =       682
                                                   F(16, 667)      =     26.92
                                                   Prob > F        =    0.0000

-----------------------------------------------------------------------------------------
                        |             Linearized
               ccp5_bin |        IRR   std. err.      t    P>|t|     [95% conf. interval]
------------------------+----------------------------------------------------------------
                  rural |
                   Yes  |     .93325   .0352724    -1.83   0.068     .8665017     1.00514
                        |
                   WAGE |
                 15-19  |   .6261147   .0349551    -8.39   0.000       .56111    .6986501
                 20-24  |   .9179978   .0333418    -2.36   0.019     .8548126    .9858535
                        |
                MSTATUS |
Formerly married/union  |   .8815887   .0849998    -1.31   0.192     .7295417    1.065324
   Never married/union  |   1.049911   .1017525     0.50   0.615     .8679831     1.26997
                        |
                    edu |
       Primary or less  |   .4751132   .0879736    -4.02   0.000     .3302977    .6834216
       Lower secondary  |   .8361999   .0440391    -3.40   0.001      .754052    .9272972
                        |
                   insu |
                   Yes  |    .997453   .0533807    -0.05   0.962     .8979615    1.107968
                        |
               minority |
                   Yes  |    .859739    .062521    -2.08   0.038     .7453435     .991692
                        |
                   ses5 |
            Q1 poorest  |   .5762911   .0533822    -5.95   0.000      .480457    .6912408
                    Q2  |   .8017209   .0403416    -4.39   0.000     .7262993    .8849746
                    Q3  |   .8123937   .0367419    -4.59   0.000     .7433632    .8878345
                    Q4  |   .8901975    .032434    -3.19   0.001     .8287394    .9562132
                        |
                    mme |
                   Yes  |   1.146764   .0908937     1.73   0.084     .9814919    1.339865
                        |
                dvindex |
                   Yes  |   1.233769   .0921332     2.81   0.005     1.065507    1.428602
                        |
                   sb1n |
                   Yes  |   1.024149   .0931946     0.26   0.793     .8565807    1.224497
                  _cons |   .7040522   .1030744    -2.40   0.017     .5281606    .9385205
-----------------------------------------------------------------------------------------
Note: _cons estimates baseline incidence rate.
. 
.     * Model 2: Vaccination.
.     eststo m_vacc: svy: poisson ccp6_bin ///
>         i.rural ib3.WAGE ib1.MSTATUS ib3.edu ///
>         i.insu i.minority ib5.ses5 i.mme `model_ict' ///
>         i.dvindex i.sb1n, irr
(running poisson on estimation sample)

Survey: Poisson regression

Number of strata =  12                             Number of obs   =     3,899
Number of PSUs   = 694                             Population size = 4,342.877
                                                   Design df       =       682
                                                   F(16, 667)      =      8.34
                                                   Prob > F        =    0.0000

-----------------------------------------------------------------------------------------
                        |             Linearized
               ccp6_bin |        IRR   std. err.      t    P>|t|     [95% conf. interval]
------------------------+----------------------------------------------------------------
                  rural |
                   Yes  |   .7796174   .1408757    -1.38   0.169     .5467607    1.111644
                        |
                   WAGE |
                 15-19  |   .5135287   .1363629    -2.51   0.012     .3048835    .8649588
                 20-24  |   1.149651   .2151292     0.75   0.456     .7961617    1.660087
                        |
                MSTATUS |
Formerly married/union  |   1.482067   .5690506     1.02   0.306     .6973676    3.149735
   Never married/union  |   1.194646   .4419912     0.48   0.631     .5777694    2.470153
                        |
                    edu |
       Primary or less  |   .3272255   .2813457    -1.30   0.194     .0604909    1.770125
       Lower secondary  |    .421749   .1334045    -2.73   0.007     .2266364    .7848352
                        |
                   insu |
                   Yes  |    .675631   .1968212    -1.35   0.179     .3813302    1.197065
                        |
               minority |
                   Yes  |   .7431749   .3350351    -0.66   0.510     .3066716    1.800978
                        |
                   ses5 |
            Q1 poorest  |   .1182263   .0667948    -3.78   0.000     .0389899    .3584891
                    Q2  |   .5848144   .1402297    -2.24   0.026     .3652161    .9364536
                    Q3  |   .4371214   .1008729    -3.59   0.000     .2778589    .6876696
                    Q4  |    .630986   .1299268    -2.24   0.026     .4211497    .9453724
                        |
                    mme |
                   Yes  |   1.959681   .9416977     1.40   0.162     .7628251    5.034377
                        |
                dvindex |
                   Yes  |    1.61367   .5163536     1.50   0.135     .8609083    3.024631
                        |
                   sb1n |
                   Yes  |   .7391434   .2788556    -0.80   0.423     .3523921    1.550355
                  _cons |   .0693305   .0542698    -3.41   0.001     .0149089    .3224063
-----------------------------------------------------------------------------------------
Note: _cons estimates baseline incidence rate.
. 
.     * Export formatted table.
.     esttab m_aware m_vacc ///
>         using "`tab_dir'/table5_poisson_models.csv", replace ///
>         eform cells("b(fmt(3)) ci(fmt(3)) p(fmt(3))") ///
>         label mtitles("Awareness PR" "Vaccination PR")
(output written to C:\Users\phamh\OneDrive\Documents\Thesis_2026/HPV thesis/Output/tables/table5_poisson_models.csv)
. }

. log close table5
      name:  table5
       log:  C:\Users\phamh\OneDrive\Documents\Thesis_2026/HPV thesis/Output/tables/table5_models.log
  log type:  text
 closed on:  22 Apr 2026, 18:01:37
---------------------------------------------------------------------------------------------------------------------------------------------------------------------------------------------------------------------------------------------------------------

. 
. *===============================================================
. *  TABLE 5B: SENSITIVITY – LOGISTIC REGRESSION (OR)
. *===============================================================
. capture log close table5b

. log using "`tab_dir'/table5b_sensitivity_logistic.log", replace text name(table5b)
---------------------------------------------------------------------------------------------------------------------------------------------------------------------------------------------------------------------------------------------------------------
      name:  table5b
       log:  C:\Users\phamh\OneDrive\Documents\Thesis_2026/HPV thesis/Output/tables/table5b_sensitivity_logistic.log
  log type:  text
 opened on:  22 Apr 2026, 18:01:37

. 
. capture which esttab

. if !_rc {
.     eststo clear
. 
.     eststo lr_aware: svy: logistic ccp5_bin ///
>         i.rural ib3.WAGE ib1.MSTATUS ib3.edu ///
>         i.insu i.minority ib5.ses5 i.mme `model_ict' ///
>         i.dvindex i.sb1n
(running logistic on estimation sample)

Survey: Logistic regression

Number of strata =  12                             Number of obs   =     3,899
Number of PSUs   = 694                             Population size = 4,342.877
                                                   Design df       =       682
                                                   F(16, 667)      =     21.85
                                                   Prob > F        =    0.0000

-----------------------------------------------------------------------------------------
                        |             Linearized
               ccp5_bin | Odds ratio   std. err.      t    P>|t|     [95% conf. interval]
------------------------+----------------------------------------------------------------
                  rural |
                   Yes  |   .7756781   .1090492    -1.81   0.071     .5885754    1.022259
                        |
                   WAGE |
                 15-19  |   .2303143   .0428294    -7.90   0.000     .1598636     .331812
                 20-24  |   .7151128   .0956826    -2.51   0.012     .5498961    .9299688
                        |
                MSTATUS |
Formerly married/union  |   .6546779   .1694596    -1.64   0.102     .3938287    1.088298
   Never married/union  |    1.43835   .6601382     0.79   0.429     .5841261    3.541787
                        |
                    edu |
       Primary or less  |   .2491048   .0692445    -5.00   0.000     .1443279    .4299461
       Lower secondary  |   .5876836   .0814077    -3.84   0.000     .4477369    .7713726
                        |
                   insu |
                   Yes  |   1.021577   .1785349     0.12   0.903     .7248481    1.439776
                        |
               minority |
                   Yes  |   .7088838   .1114932    -2.19   0.029     .5205471    .9653616
                        |
                   ses5 |
            Q1 poorest  |   .1975141   .0475639    -6.74   0.000     .1230987     .316915
                    Q2  |   .3613083   .0715109    -5.14   0.000     .2449666     .532904
                    Q3  |   .3724578   .0718372    -5.12   0.000     .2550416    .5439301
                    Q4  |   .5254708   .0978178    -3.46   0.001     .3645974    .7573275
                        |
                    mme |
                   Yes  |   1.394807   .2422805     1.92   0.056     .9917355    1.961698
                        |
                dvindex |
                   Yes  |   1.736709   .3131596     3.06   0.002     1.218898    2.474496
                        |
                   sb1n |
                   Yes  |   1.273042   .5491451     0.56   0.576     .5457729    2.969434
                  _cons |   3.824485   2.033445     2.52   0.012     1.346455     10.8631
-----------------------------------------------------------------------------------------
Note: _cons estimates baseline odds.
. 
.     eststo lr_vacc: svy: logistic ccp6_bin ///
>         i.rural ib3.WAGE ib1.MSTATUS ib3.edu ///
>         i.insu i.minority ib5.ses5 i.mme `model_ict' ///
>         i.dvindex i.sb1n
(running logistic on estimation sample)

Survey: Logistic regression

Number of strata =  12                             Number of obs   =     3,899
Number of PSUs   = 694                             Population size = 4,342.877
                                                   Design df       =       682
                                                   F(16, 667)      =      7.67
                                                   Prob > F        =    0.0000

-----------------------------------------------------------------------------------------
                        |             Linearized
               ccp6_bin | Odds ratio   std. err.      t    P>|t|     [95% conf. interval]
------------------------+----------------------------------------------------------------
                  rural |
                   Yes  |   .7542159   .1542759    -1.38   0.168     .5047445    1.126989
                        |
                   WAGE |
                 15-19  |   .4669073   .1399433    -2.54   0.011     .2592099    .8410264
                 20-24  |   1.178418   .2546331     0.76   0.448     .7709825    1.801169
                        |
                MSTATUS |
Formerly married/union  |   1.553304   .6843675     1.00   0.318     .6539737    3.689373
   Never married/union  |   1.226266   .5239048     0.48   0.633     .5299982    2.837233
                        |
                    edu |
       Primary or less  |   .3135688   .2754963    -1.32   0.187     .0558666    1.760004
       Lower secondary  |   .4033512   .1330514    -2.75   0.006     .2110584    .7708397
                        |
                   insu |
                   Yes  |   .6460785   .2062959    -1.37   0.172     .3451513    1.209375
                        |
               minority |
                   Yes  |     .72915   .3497868    -0.66   0.510     .2842849    1.870165
                        |
                   ses5 |
            Q1 poorest  |    .103885   .0605099    -3.89   0.000     .0331033    .3260122
                    Q2  |    .534016   .1451826    -2.31   0.021     .3131319    .9107126
                    Q3  |   .3870423   .1010552    -3.64   0.000     .2318024    .6462474
                    Q4  |   .5810646   .1400578    -2.25   0.025     .3619837    .9327384
                        |
                    mme |
                   Yes  |   2.049541   1.031874     1.43   0.155     .7626826     5.50769
                        |
                dvindex |
                   Yes  |   1.690816   .5822948     1.53   0.128     .8598693    3.324758
                        |
                   sb1n |
                   Yes  |   .7032663   .3096091    -0.80   0.424     .2962899    1.669256
                  _cons |   .0803765   .0686629    -2.95   0.003     .0150205    .4301048
-----------------------------------------------------------------------------------------
Note: _cons estimates baseline odds.
. 
.     esttab lr_aware lr_vacc ///
>         using "`tab_dir'/table5b_logistic_models.csv", replace ///
>         eform cells("b(fmt(3)) ci(fmt(3)) p(fmt(3))") ///
>         label mtitles("Awareness OR" "Vaccination OR")
(output written to C:\Users\phamh\OneDrive\Documents\Thesis_2026/HPV thesis/Output/tables/table5b_logistic_models.csv)
. }

. log close table5b
      name:  table5b
       log:  C:\Users\phamh\OneDrive\Documents\Thesis_2026/HPV thesis/Output/tables/table5b_sensitivity_logistic.log
  log type:  text
 closed on:  22 Apr 2026, 18:01:37
---------------------------------------------------------------------------------------------------------------------------------------------------------------------------------------------------------------------------------------------------------------

. 
. *===============================================================
. *  TABLE 6: ERREYGERS DECOMPOSITION OF CI
. *  Uses probit link + Erreygers normalisation.
. *  Dummy variables for all categorical predictors.
. *===============================================================
. 
. * Create dummies (reference = last category).
. gen byte age_15_19 = (WAGE == 1) if !missing(WAGE)

. gen byte age_20_24 = (WAGE == 2) if !missing(WAGE)

. gen byte mstatus2  = (MSTATUS == 2) if !missing(MSTATUS)
(1 missing value generated)

. gen byte mstatus3  = (MSTATUS == 3) if !missing(MSTATUS)
(1 missing value generated)

. gen byte edu1      = (edu == 1) if !missing(edu)

. gen byte edu2      = (edu == 2) if !missing(edu)

. gen byte ses1      = (ses5 == 1) if !missing(ses5)

. gen byte ses2      = (ses5 == 2) if !missing(ses5)

. gen byte ses3      = (ses5 == 3) if !missing(ses5)

. gen byte ses4      = (ses5 == 4) if !missing(ses5)

. 
. * Full list of decomposition variables (ref: WAGE=3 i.e. 25-29).
. local X "age_15_19 age_20_24 rural minority insu mstatus2 mstatus3 edu1 edu2 ses1 ses2 ses3 ses4 mme `decomp_ict' dvindex sb1n"

. 
. capture log close table6

. log using "`tab_dir'/table6_decomposition.log", replace text name(table6)
---------------------------------------------------------------------------------------------------------------------------------------------------------------------------------------------------------------------------------------------------------------
      name:  table6
       log:  C:\Users\phamh\OneDrive\Documents\Thesis_2026/HPV thesis/Output/tables/table6_decomposition.log
  log type:  text
 opened on:  22 Apr 2026, 18:01:37

. 
. tempname dp

. postfile `dp' str12 outcome str20 variable ///
>     double(dydx mean_x ci_x elasticity contribution percentage) ///
>     using "`tab_dir'/table6_decomposition.dta", replace

. 
. foreach y in ccp5_bin ccp6_bin gap {
  2. 
.     di as txt _newline "============================================"
  3.     di as txt "Erreygers decomposition for: `y'"
  4.     di as txt "============================================"
  5. 
.     capture noisily conindex `y', rankvar(ses) bounded limits(0 1) erreygers svy
  6.     if _rc != 0 {
  7.         di as error "conindex failed for `y' — skipping."
  8.         continue
  9.     }
 10.     scalar CI_total = r(CI)
 11.     di as txt "Erreygers CI = " %8.5f CI_total
 12. 
.     * Fit probit model via GLM, then compute average marginal effects.
.     quietly svy: glm `y' `X', family(binomial) link(probit)
 13.     quietly margins, dydx(*) post
 14.     matrix b_marg = e(b)
 15. 
.     local nvars : word count `X'
 16.     di as txt "Decomposing `nvars' variables..."
 17. 
.     foreach x of local X {
 18.         * Find column in margins matrix.
.         local col = colnumb(b_marg, "`x'")
 19.         if `col' >= . {
 20.             di as txt "  `x': not found in margins — skipped"
 21.             continue
 22.         }
 23.         scalar b_x = b_marg[1, `col']
 24. 
.         * CI of the covariate itself.
.         quietly conindex `x', rankvar(ses) bounded limits(0 1) erreygers svy
 25.         scalar CI_x = r(CI)
 26. 
.         * Weighted mean of covariate.
.         quietly summarize `x' [aw=wmweight]
 27.         scalar mean_x = r(mean)
 28. 
.         * Erreygers elasticity & contribution.
.         scalar elas    = 4 * (b_x * mean_x)
 29.         scalar contrib = elas * CI_x
 30.         scalar pct     = .
 31.         if CI_total != 0  scalar pct = (contrib / CI_total) * 100
 32. 
.         di as txt "  `x': dydx=" %7.4f b_x ///
>             " mean=" %6.4f mean_x ///
>             " CI_x=" %8.5f CI_x ///
>             " contrib=" %8.5f contrib ///
>             " (" %5.1f pct "%)"
 33. 
.         post `dp' ("`y'") ("`x'") (b_x) (mean_x) (CI_x) (elas) (contrib) (pct)
 34.     }
 35. }

============================================
Erreygers decomposition for: ccp5_bin
============================================
------------------------------------------------------------------------------+
Index:             | No. of obs. | Index value | Std. error        | p-value  |
-------------------+-------------+-------------+-------------------+----------|
Erreygers norm. CI | 4102        | .3711015    |.02222655          |  0.0000  |
------------------------------------------------------------------------------+
Erreygers CI =  0.37110
Decomposing 16 variables...
  age_15_19: dydx=-0.2762 mean=0.3039 CI_x= 0.03896 contrib=-0.01308 ( -3.5%)
  age_20_24: dydx=-0.0631 mean=0.2966 CI_x=-0.02107 contrib= 0.00158 (  0.4%)
  rural: dydx=-0.0498 mean=0.6264 CI_x=-0.41155 contrib= 0.05137 ( 13.8%)
  minority: dydx=-0.0649 mean=0.1503 CI_x=-0.41295 contrib= 0.01610 (  4.3%)
  insu: dydx= 0.0036 mean=0.1371 CI_x=-0.06628 contrib=-0.00013 ( -0.0%)
  mstatus2: dydx=-0.0754 mean=0.0331 CI_x=-0.02944 contrib= 0.00029 (  0.1%)
  mstatus3: dydx= 0.0621 mean=0.5031 CI_x= 0.23716 contrib= 0.02963 (  8.0%)
  edu1: dydx=-0.2620 mean=0.0520 CI_x=-0.14189 contrib= 0.00773 (  2.1%)
  edu2: dydx=-0.1019 mean=0.2208 CI_x=-0.31734 contrib= 0.02855 (  7.7%)
  ses1: dydx=-0.3016 mean=0.1922 CI_x=-0.62101 contrib= 0.14396 ( 38.8%)
  ses2: dydx=-0.1874 mean=0.2119 CI_x=-0.34218 contrib= 0.05435 ( 14.6%)
  ses3: dydx=-0.1819 mean=0.2191 CI_x= 0.02384 contrib=-0.00380 ( -1.0%)
  ses4: dydx=-0.1154 mean=0.2010 CI_x= 0.35970 contrib=-0.03337 ( -9.0%)
  mme: dydx= 0.0630 mean=0.9088 CI_x= 0.18022 contrib= 0.04130 ( 11.1%)
  dvindex: dydx= 0.1019 mean=0.9023 CI_x= 0.08891 contrib= 0.03270 (  8.8%)
  sb1n: dydx= 0.0382 mean=0.5307 CI_x=-0.22271 contrib=-0.01808 ( -4.9%)

============================================
Erreygers decomposition for: ccp6_bin
============================================
------------------------------------------------------------------------------+
Index:             | No. of obs. | Index value | Std. error        | p-value  |
-------------------+-------------+-------------+-------------------+----------|
Erreygers norm. CI | 4102        | .11634965   |.01419092          |  0.0000  |
------------------------------------------------------------------------------+
Erreygers CI =  0.11635
Decomposing 16 variables...
  age_15_19: dydx=-0.0526 mean=0.3039 CI_x= 0.03896 contrib=-0.00249 ( -2.1%)
  age_20_24: dydx= 0.0099 mean=0.2966 CI_x=-0.02107 contrib=-0.00025 ( -0.2%)
  rural: dydx=-0.0193 mean=0.6264 CI_x=-0.41155 contrib= 0.01992 ( 17.1%)
  minority: dydx=-0.0182 mean=0.1503 CI_x=-0.41295 contrib= 0.00451 (  3.9%)
  insu: dydx=-0.0283 mean=0.1371 CI_x=-0.06628 contrib= 0.00103 (  0.9%)
  mstatus2: dydx= 0.0256 mean=0.0331 CI_x=-0.02944 contrib=-0.00010 ( -0.1%)
  mstatus3: dydx= 0.0103 mean=0.5031 CI_x= 0.23716 contrib= 0.00493 (  4.2%)
  edu1: dydx=-0.0655 mean=0.0520 CI_x=-0.14189 contrib= 0.00193 (  1.7%)
  edu2: dydx=-0.0511 mean=0.2208 CI_x=-0.31734 contrib= 0.01433 ( 12.3%)
  ses1: dydx=-0.1252 mean=0.1922 CI_x=-0.62101 contrib= 0.05975 ( 51.4%)
  ses2: dydx=-0.0445 mean=0.2119 CI_x=-0.34218 contrib= 0.01291 ( 11.1%)
  ses3: dydx=-0.0646 mean=0.2191 CI_x= 0.02384 contrib=-0.00135 ( -1.2%)
  ses4: dydx=-0.0370 mean=0.2010 CI_x= 0.35970 contrib=-0.01069 ( -9.2%)
  mme: dydx= 0.0422 mean=0.9088 CI_x= 0.18022 contrib= 0.02765 ( 23.8%)
  dvindex: dydx= 0.0327 mean=0.9023 CI_x= 0.08891 contrib= 0.01050 (  9.0%)
  sb1n: dydx=-0.0251 mean=0.5307 CI_x=-0.22271 contrib= 0.01189 ( 10.2%)

============================================
Erreygers decomposition for: gap
============================================
------------------------------------------------------------------------------+
Index:             | No. of obs. | Index value | Std. error        | p-value  |
-------------------+-------------+-------------+-------------------+----------|
Erreygers norm. CI | 2133        | -.12317655  |.02092341          |  0.0000  |
------------------------------------------------------------------------------+
Erreygers CI = -0.12318
Decomposing 16 variables...
  age_15_19: dydx= 0.0359 mean=0.3039 CI_x= 0.03896 contrib= 0.00170 ( -1.4%)
  age_20_24: dydx=-0.0212 mean=0.2966 CI_x=-0.02107 contrib= 0.00053 ( -0.4%)
  rural: dydx= 0.0195 mean=0.6264 CI_x=-0.41155 contrib=-0.02015 ( 16.4%)
  minority: dydx= 0.0208 mean=0.1503 CI_x=-0.41295 contrib=-0.00515 (  4.2%)
  insu: dydx= 0.0437 mean=0.1371 CI_x=-0.06628 contrib=-0.00159 (  1.3%)
  mstatus2: dydx=-0.0427 mean=0.0331 CI_x=-0.02944 contrib= 0.00017 ( -0.1%)
  mstatus3: dydx=-0.0212 mean=0.5031 CI_x= 0.23716 contrib=-0.01011 (  8.2%)
  edu1: dydx= 0.0287 mean=0.0520 CI_x=-0.14189 contrib=-0.00085 (  0.7%)
  edu2: dydx= 0.0631 mean=0.2208 CI_x=-0.31734 contrib=-0.01769 ( 14.4%)
  ses1: dydx= 0.1486 mean=0.1922 CI_x=-0.62101 contrib=-0.07096 ( 57.6%)
  ses2: dydx= 0.0394 mean=0.2119 CI_x=-0.34218 contrib=-0.01143 (  9.3%)
  ses3: dydx= 0.0709 mean=0.2191 CI_x= 0.02384 contrib= 0.00148 ( -1.2%)
  ses4: dydx= 0.0441 mean=0.2010 CI_x= 0.35970 contrib= 0.01274 (-10.3%)
  mme: dydx=-0.0660 mean=0.9088 CI_x= 0.18022 contrib=-0.04326 ( 35.1%)
  dvindex: dydx=-0.0243 mean=0.9023 CI_x= 0.08891 contrib=-0.00780 (  6.3%)
  sb1n: dydx= 0.0332 mean=0.5307 CI_x=-0.22271 contrib=-0.01572 ( 12.8%)

. 
. postclose `dp'

. log close table6
      name:  table6
       log:  C:\Users\phamh\OneDrive\Documents\Thesis_2026/HPV thesis/Output/tables/table6_decomposition.log
  log type:  text
 closed on:  22 Apr 2026, 18:01:46
---------------------------------------------------------------------------------------------------------------------------------------------------------------------------------------------------------------------------------------------------------------

. 
. * Sort by absolute contribution and export.
. preserve

. use "`tab_dir'/table6_decomposition.dta", clear

. gen abs_contrib = abs(contribution)

. gsort outcome -abs_contrib

. drop abs_contrib

. export delimited using "`tab_dir'/table6_decomposition.csv", replace
file C:\Users\phamh\OneDrive\Documents\Thesis_2026/HPV thesis/Output/tables/table6_decomposition.csv saved

. restore

. 
. *===============================================================
. *  FIGURES
. *===============================================================
. 
. * Fig 1: Awareness & Vaccination by SES quintile.
. graph bar (mean) ccp5_bin ccp6_bin [aw=wmweight], over(ses5) asyvars ///
>     title("HPV Awareness and Vaccination by Wealth Quintile", size(medium)) ///
>     subtitle("Women aged 15-29, Vietnam MICS6", size(small)) ///
>     ytitle("Weighted Prevalence") ///
>     ylabel(0(0.2)1, format(%3.1f)) ///
>     legend(order(1 "Awareness" 2 "Vaccination") rows(1)) ///
>     blabel(bar, format(%4.2f) size(vsmall)) ///
>     graphregion(color(white)) plotregion(color(white))

. graph export "`fig_dir'/fig1_awareness_vaccination_by_ses.png", replace width(2400)
file C:\Users\phamh\OneDrive\Documents\Thesis_2026/HPV thesis/Output/figures/fig1_awareness_vaccination_by_ses.png saved as PNG format

. 
. * Fig 2: Awareness-vaccination gap by SES.
. graph bar (mean) gap [aw=wmweight] if ccp5_bin==1, over(ses5) ///
>     title("Awareness-Vaccination Gap by Wealth Quintile", size(medium)) ///
>     subtitle("Among aware women aged 15-29", size(small)) ///
>     ytitle("Weighted Prevalence") ///
>     ylabel(0(0.2)1, format(%3.1f)) ///
>     blabel(bar, format(%4.2f) size(vsmall)) ///
>     graphregion(color(white)) plotregion(color(white))

. graph export "`fig_dir'/fig2_gap_by_ses.png", replace width(2400)
file C:\Users\phamh\OneDrive\Documents\Thesis_2026/HPV thesis/Output/figures/fig2_gap_by_ses.png saved as PNG format

. 
. * Fig 3: Awareness & Vaccination by age group.
. graph bar (mean) ccp5_bin ccp6_bin [aw=wmweight], over(WAGE) asyvars ///
>     title("HPV Awareness and Vaccination by Age Group", size(medium)) ///
>     subtitle("Women aged 15-29, Vietnam MICS6", size(small)) ///
>     ytitle("Weighted Prevalence") ///
>     ylabel(0(0.2)1, format(%3.1f)) ///
>     legend(order(1 "Awareness" 2 "Vaccination") rows(1)) ///
>     blabel(bar, format(%4.2f) size(vsmall)) ///
>     graphregion(color(white)) plotregion(color(white))

. graph export "`fig_dir'/fig3_awareness_vaccination_by_age.png", replace width(2400)
file C:\Users\phamh\OneDrive\Documents\Thesis_2026/HPV thesis/Output/figures/fig3_awareness_vaccination_by_age.png saved as PNG format

. 
. * Fig 4: Awareness & Vaccination by urban/rural.
. graph bar (mean) ccp5_bin ccp6_bin [aw=wmweight], over(area) asyvars ///
>     title("HPV Awareness and Vaccination by Residence", size(medium)) ///
>     subtitle("Women aged 15-29, Vietnam MICS6", size(small)) ///
>     ytitle("Weighted Prevalence") ///
>     ylabel(0(0.2)1, format(%3.1f)) ///
>     legend(order(1 "Awareness" 2 "Vaccination") rows(1)) ///
>     blabel(bar, format(%4.2f) size(vsmall)) ///
>     graphregion(color(white)) plotregion(color(white))

. graph export "`fig_dir'/fig4_awareness_vaccination_by_area.png", replace width(2400)
file C:\Users\phamh\OneDrive\Documents\Thesis_2026/HPV thesis/Output/figures/fig4_awareness_vaccination_by_area.png saved as PNG format

. 
. * Fig 5: Awareness & Vaccination by education.
. graph bar (mean) ccp5_bin ccp6_bin [aw=wmweight], over(edu) asyvars ///
>     title("HPV Awareness and Vaccination by Education", size(medium)) ///
>     subtitle("Women aged 15-29, Vietnam MICS6", size(small)) ///
>     ytitle("Weighted Prevalence") ///
>     ylabel(0(0.2)1, format(%3.1f)) ///
>     legend(order(1 "Awareness" 2 "Vaccination") rows(1)) ///
>     blabel(bar, format(%4.2f) size(vsmall)) ///
>     graphregion(color(white)) plotregion(color(white))

. graph export "`fig_dir'/fig5_awareness_vaccination_by_edu.png", replace width(2400)
file C:\Users\phamh\OneDrive\Documents\Thesis_2026/HPV thesis/Output/figures/fig5_awareness_vaccination_by_edu.png saved as PNG format

. 
. * Fig 6: Awareness & Vaccination by ethnicity.
. graph bar (mean) ccp5_bin ccp6_bin [aw=wmweight], over(minority) asyvars ///
>     title("HPV Awareness and Vaccination by Ethnicity", size(medium)) ///
>     subtitle("Women aged 15-29, Vietnam MICS6", size(small)) ///
>     ytitle("Weighted Prevalence") ///
>     ylabel(0(0.2)1, format(%3.1f)) ///
>     legend(order(1 "Awareness" 2 "Vaccination") rows(1)) ///
>     blabel(bar, format(%4.2f) size(vsmall)) ///
>     graphregion(color(white)) plotregion(color(white))

. graph export "`fig_dir'/fig6_awareness_vaccination_by_ethnicity.png", replace width(2400)
file C:\Users\phamh\OneDrive\Documents\Thesis_2026/HPV thesis/Output/figures/fig6_awareness_vaccination_by_ethnicity.png saved as PNG format

. 
. *===============================================================
. *  TABLE 3B: BIVARIATE – FACTORS ASSOCIATED WITH GAP
. *  (Among aware women: ccp5_bin==1)
. *===============================================================
. capture log close table3b

. log using "`tab_dir'/table3b_gap_bivariate.log", replace text name(table3b)
---------------------------------------------------------------------------------------------------------------------------------------------------------------------------------------------------------------------------------------------------------------
      name:  table3b
       log:  C:\Users\phamh\OneDrive\Documents\Thesis_2026/HPV thesis/Output/tables/table3b_gap_bivariate.log
  log type:  text
 opened on:  22 Apr 2026, 18:02:04

. 
. foreach v of local assoc_vars {
  2.     di as txt _newline "===== `v' vs gap (among aware) ====="
  3.     svy, subpop(ccp5_bin): tabulate `v' gap, row percent ci pearson format(%4.1f)
  4. }

===== WAGE vs gap (among aware) =====
(running tabulate on estimation sample)

Number of strata =  12                            Number of obs   =      4,102
Number of PSUs   = 697                            Population size = 4,556.7513
                                                  Subpop. no. obs =      2,133
                                                  Subpop. size    = 2,842.4909
                                                  Design df       =        685

-------------------------------------------------
          |       Awareness-vaccination gap      
      Age |     Aware &     Aware bu        Total
----------+--------------------------------------
    15-19 |        11.7         88.3        100.0
          |  [8.3,16.1]  [83.9,91.7]             
          | 
    20-24 |        15.1         84.9        100.0
          | [11.8,19.1]  [80.9,88.2]             
          | 
    25-29 |        10.0         90.0        100.0
          |  [7.9,12.6]  [87.4,92.1]             
          | 
    Total |        12.0         88.0        100.0
          | [10.2,14.0]  [86.0,89.8]             
-------------------------------------------------
Key: Row percentage
     [95% confidence interval for row percentage]

  Pearson:
    Uncorrected   chi2(2)         =   18.6758
    Design-based  F(1.99, 1364.08)=    2.9732     P = 0.0517

===== area vs gap (among aware) =====
(running tabulate on estimation sample)

Number of strata =  12                            Number of obs   =      4,102
Number of PSUs   = 697                            Population size = 4,556.7513
                                                  Subpop. no. obs =      2,133
                                                  Subpop. size    = 2,842.4909
                                                  Design df       =        685

-------------------------------------------------
          |       Awareness-vaccination gap      
     Area |     Aware &     Aware bu        Total
----------+--------------------------------------
    Urban |        15.6         84.4        100.0
          | [12.6,19.1]  [80.9,87.4]             
          | 
    Rural |         9.2         90.8        100.0
          |  [7.1,11.8]  [88.2,92.9]             
          | 
    Total |        12.0         88.0        100.0
          | [10.2,14.0]  [86.0,89.8]             
-------------------------------------------------
Key: Row percentage
     [95% confidence interval for row percentage]

  Pearson:
    Uncorrected   chi2(1)         =   39.0398
    Design-based  F(1, 685)       =    9.8005     P = 0.0018

===== minority vs gap (among aware) =====
(running tabulate on estimation sample)

Number of strata =  12                            Number of obs   =      4,102
Number of PSUs   = 697                            Population size = 4,556.7513
                                                  Subpop. no. obs =      2,133
                                                  Subpop. size    = 2,842.4909
                                                  Design df       =        685

-------------------------------------------------
Ethnic    |       Awareness-vaccination gap      
minority  |     Aware &     Aware bu        Total
----------+--------------------------------------
       No |        12.7         87.3        100.0
          | [10.7,15.0]  [85.0,89.3]             
          | 
      Yes |         4.5         95.5        100.0
          |   [2.1,9.1]  [90.9,97.9]             
          | 
    Total |        12.0         88.0        100.0
          | [10.2,14.0]  [86.0,89.8]             
-------------------------------------------------
Key: Row percentage
     [95% confidence interval for row percentage]

  Pearson:
    Uncorrected   chi2(1)         =   20.9744
    Design-based  F(1, 685)       =    8.6391     P = 0.0034

===== insu vs gap (among aware) =====
(running tabulate on estimation sample)

Number of strata =  12                            Number of obs   =      4,102
Number of PSUs   = 697                            Population size = 4,556.7513
                                                  Subpop. no. obs =      2,133
                                                  Subpop. size    = 2,842.4909
                                                  Design df       =        685

-------------------------------------------------
          |       Awareness-vaccination gap      
Uninsured |     Aware &     Aware bu        Total
----------+--------------------------------------
       No |        12.7         87.3        100.0
          | [10.8,15.0]  [85.0,89.2]             
          | 
      Yes |         6.9         93.1        100.0
          |  [3.9,11.8]  [88.2,96.1]             
          | 
    Total |        12.0         88.0        100.0
          | [10.2,14.0]  [86.0,89.8]             
-------------------------------------------------
Key: Row percentage
     [95% confidence interval for row percentage]

  Pearson:
    Uncorrected   chi2(1)         =   15.0160
    Design-based  F(1, 685)       =    4.8639     P = 0.0278

===== MSTATUS vs gap (among aware) =====
(running tabulate on estimation sample)

Number of strata =  12                            Number of obs   =      4,102
Number of PSUs   = 697                            Population size = 4,556.7513
                                                  Subpop. no. obs =      2,133
                                                  Subpop. size    = 2,842.4909
                                                  Design df       =        685

-------------------------------------------------
Marital/U |
nion      |
status of |       Awareness-vaccination gap      
woman     |     Aware &     Aware bu        Total
----------+--------------------------------------
 Currentl |         8.0         92.0        100.0
          |  [6.2,10.1]  [89.9,93.8]             
          | 
 Formerly |        13.4         86.6        100.0
          |  [6.3,26.3]  [73.7,93.7]             
          | 
 Never ma |        15.7         84.3        100.0
          | [12.7,19.3]  [80.7,87.3]             
          | 
    Total |        12.0         88.0        100.0
          | [10.2,14.0]  [86.0,89.8]             
-------------------------------------------------
Key: Row percentage
     [95% confidence interval for row percentage]

  Pearson:
    Uncorrected   chi2(2)         =   56.9596
    Design-based  F(1.97, 1349.42)=   10.1664     P = 0.0000

===== edu vs gap (among aware) =====
(running tabulate on estimation sample)

Number of strata =  12                            Number of obs   =      4,102
Number of PSUs   = 697                            Population size = 4,556.7513
                                                  Subpop. no. obs =      2,133
                                                  Subpop. size    = 2,842.4909
                                                  Design df       =        685

-------------------------------------------------
Education |       Awareness-vaccination gap      
group     |     Aware &     Aware bu        Total
----------+--------------------------------------
  Primary |         3.4         96.6        100.0
          |  [0.6,16.2]  [83.8,99.4]             
          | 
 Lower se |         4.9         95.1        100.0
          |   [2.7,8.7]  [91.3,97.3]             
          | 
 Upper se |        13.7         86.3        100.0
          | [11.6,16.1]  [83.9,88.4]             
          | 
    Total |        12.0         88.0        100.0
          | [10.2,14.0]  [86.0,89.8]             
-------------------------------------------------
Key: Row percentage
     [95% confidence interval for row percentage]

  Pearson:
    Uncorrected   chi2(2)         =   48.7759
    Design-based  F(1.89, 1295.87)=    9.4440     P = 0.0001

===== ses5 vs gap (among aware) =====
(running tabulate on estimation sample)

Number of strata =  12                            Number of obs   =      4,102
Number of PSUs   = 697                            Population size = 4,556.7513
                                                  Subpop. no. obs =      2,133
                                                  Subpop. size    = 2,842.4909
                                                  Design df       =        685

-------------------------------------------------
Wealth    |
index     |       Awareness-vaccination gap      
quintiles |     Aware &     Aware bu        Total
----------+--------------------------------------
 Q1 poore |         2.1         97.9        100.0
          |   [0.9,5.0]  [95.0,99.1]             
          | 
       Q2 |        10.3         89.7        100.0
          |  [7.0,15.0]  [85.0,93.0]             
          | 
       Q3 |         9.2         90.8        100.0
          |  [6.4,13.2]  [86.8,93.6]             
          | 
       Q4 |        12.5         87.5        100.0
          |  [9.2,16.7]  [83.3,90.8]             
          | 
 Q5 riche |        19.8         80.2        100.0
          | [15.3,25.2]  [74.8,84.7]             
          | 
    Total |        12.0         88.0        100.0
          | [10.2,14.0]  [86.0,89.8]             
-------------------------------------------------
Key: Row percentage
     [95% confidence interval for row percentage]

  Pearson:
    Uncorrected   chi2(4)         =  103.9557
    Design-based  F(3.79, 2593.69)=    8.7182     P = 0.0000

===== mme vs gap (among aware) =====
(running tabulate on estimation sample)

Number of strata =  12                            Number of obs   =      4,102
Number of PSUs   = 697                            Population size = 4,556.7513
                                                  Subpop. no. obs =      2,133
                                                  Subpop. size    = 2,842.4909
                                                  Design df       =        685

-------------------------------------------------
Any mass  |
media     |       Awareness-vaccination gap      
exposure  |     Aware &     Aware bu        Total
----------+--------------------------------------
       No |         6.7         93.3        100.0
          |  [2.5,16.7]  [83.3,97.5]             
          | 
      Yes |        12.3         87.7        100.0
          | [10.4,14.4]  [85.6,89.6]             
          | 
    Total |        12.0         88.0        100.0
          | [10.2,14.0]  [86.0,89.8]             
-------------------------------------------------
Key: Row percentage
     [95% confidence interval for row percentage]

  Pearson:
    Uncorrected   chi2(1)         =    6.6167
    Design-based  F(1, 685)       =    1.6827     P = 0.1950

===== ict vs gap (among aware) =====
(running tabulate on estimation sample)

Number of strata =  12                            Number of obs   =      4,102
Number of PSUs   = 697                            Population size = 4,556.7513
                                                  Subpop. no. obs =      2,133
                                                  Subpop. size    = 2,842.4909
                                                  Design df       =        685

-------------------------------------------------
Any ICT   |       Awareness-vaccination gap      
exposure  |     Aware &     Aware bu        Total
----------+--------------------------------------
       No |        11.4         88.6        100.0
          |  [1.7,49.4]  [50.6,98.3]             
          | 
      Yes |        12.0         88.0        100.0
          | [10.2,14.1]  [85.9,89.8]             
          | 
    Total |        12.0         88.0        100.0
          | [10.2,14.0]  [86.0,89.8]             
-------------------------------------------------
Key: Row percentage
     [95% confidence interval for row percentage]

  Pearson:
    Uncorrected   chi2(1)         =    0.0088
    Design-based  F(1, 685)       =    0.0025     P = 0.9598

===== dvindex vs gap (among aware) =====
(running tabulate on estimation sample)

Number of strata =  12                            Number of obs   =      4,033
Number of PSUs   = 695                            Population size = 4,461.2277
                                                  Subpop. no. obs =      2,064
                                                  Subpop. size    = 2,746.9674
                                                  Design df       =        683

-------------------------------------------------
High      |
decision  |       Awareness-vaccination gap      
autonomy  |     Aware &     Aware bu        Total
----------+--------------------------------------
       No |         7.2         92.8        100.0
          |  [3.9,12.8]  [87.2,96.1]             
          | 
      Yes |        12.1         87.9        100.0
          | [10.3,14.3]  [85.7,89.7]             
          | 
    Total |        11.8         88.2        100.0
          | [10.0,13.8]  [86.2,90.0]             
-------------------------------------------------
Key: Row percentage
     [95% confidence interval for row percentage]

  Pearson:
    Uncorrected   chi2(1)         =    6.1853
    Design-based  F(1, 683)       =    3.0510     P = 0.0811

===== sb1n vs gap (among aware) =====
(running tabulate on estimation sample)

Number of strata =  12                            Number of obs   =      4,102
Number of PSUs   = 697                            Population size = 4,556.7513
                                                  Subpop. no. obs =      2,133
                                                  Subpop. size    = 2,842.4909
                                                  Design df       =        685

-------------------------------------------------
Ever had  |
sexual    |
intercour |       Awareness-vaccination gap      
se        |     Aware &     Aware bu        Total
----------+--------------------------------------
       No |        16.0         84.0        100.0
          | [12.9,19.7]  [80.3,87.1]             
          | 
      Yes |         8.5         91.5        100.0
          |  [6.9,10.6]  [89.4,93.1]             
          | 
    Total |        12.0         88.0        100.0
          | [10.2,14.0]  [86.0,89.8]             
-------------------------------------------------
Key: Row percentage
     [95% confidence interval for row percentage]

  Pearson:
    Uncorrected   chi2(1)         =   53.7890
    Design-based  F(1, 685)       =   17.6327     P = 0.0000

. log close table3b
      name:  table3b
       log:  C:\Users\phamh\OneDrive\Documents\Thesis_2026/HPV thesis/Output/tables/table3b_gap_bivariate.log
  log type:  text
 closed on:  22 Apr 2026, 18:02:06
---------------------------------------------------------------------------------------------------------------------------------------------------------------------------------------------------------------------------------------------------------------

. 
. *===============================================================
. *  TABLE 5C: POISSON MODEL FOR GAP (among aware women)
. *===============================================================
. capture log close table5c

. log using "`tab_dir'/table5c_gap_model.log", replace text name(table5c)
---------------------------------------------------------------------------------------------------------------------------------------------------------------------------------------------------------------------------------------------------------------
      name:  table5c
       log:  C:\Users\phamh\OneDrive\Documents\Thesis_2026/HPV thesis/Output/tables/table5c_gap_model.log
  log type:  text
 opened on:  22 Apr 2026, 18:02:06

. 
. capture which esttab

. if !_rc {
.     eststo clear
. 
.     eststo m_gap: svy, subpop(ccp5_bin): poisson gap ///
>         i.rural ib3.WAGE ib1.MSTATUS ib3.edu ///
>         i.insu i.minority ib5.ses5 i.mme `model_ict' ///
>         i.dvindex i.sb1n, irr
(running poisson on estimation sample)

Survey: Poisson regression

Number of strata =  12                            Number of obs   =      4,033
Number of PSUs   = 695                            Population size = 4,461.2277
                                                  Subpop. no. obs =      2,064
                                                  Subpop. size    = 2,746.9674
                                                  Design df       =        683
                                                  F(16, 668)      =       4.73
                                                  Prob > F        =     0.0000

-----------------------------------------------------------------------------------------
                        |             Linearized
                    gap |        IRR   std. err.      t    P>|t|     [95% conf. interval]
------------------------+----------------------------------------------------------------
                  rural |
                   Yes  |   1.024401   .0253646     0.97   0.331     .9757906    1.075434
                        |
                   WAGE |
                 15-19  |   1.053252   .0394082     1.39   0.166     .9786504    1.133541
                 20-24  |   .9747492    .023992    -1.04   0.299     .9287624    1.023013
                        |
                MSTATUS |
Formerly married/union  |   .9552474   .0532642    -0.82   0.412     .8561876    1.065768
   Never married/union  |   .9731302   .0464564    -0.57   0.568     .8860601    1.068756
                        |
                    edu |
       Primary or less  |   1.008318   .0357991     0.23   0.816     .9404226    1.081116
       Lower secondary  |   1.041309   .0200701     2.10   0.036     1.002639    1.081471
                        |
                   insu |
                   Yes  |   1.039442   .0252514     1.59   0.112     .9910264    1.090224
                        |
               minority |
                   Yes  |    1.01002   .0277127     0.36   0.716     .9570475    1.065925
                        |
                   ses5 |
            Q1 poorest  |   1.136959   .0433069     3.37   0.001      1.05503     1.22525
                    Q2  |   1.070023   .0412224     1.76   0.079     .9920701      1.1541
                    Q3  |   1.103692   .0399069     2.73   0.007     1.028054    1.184896
                    Q4  |   1.073287    .041691     1.82   0.069     .9944729    1.158348
                        |
                    mme |
                   Yes  |   .9618776   .0224673    -1.66   0.097     .9187607    1.007018
                        |
                dvindex |
                   Yes  |    .977895   .0254805    -0.86   0.391     .9291238    1.029226
                        |
                   sb1n |
                   Yes  |   1.050059   .0561429     0.91   0.361     .9454139    1.166286
                  _cons |   .8361114   .0634322    -2.36   0.019      .720398    .9704111
-----------------------------------------------------------------------------------------
Note: _cons estimates baseline incidence rate.
. 
.     esttab m_gap ///
>         using "`tab_dir'/table5c_gap_model.csv", replace ///
>         eform cells("b(fmt(3)) ci(fmt(3)) p(fmt(3))") ///
>         label mtitles("Gap PR")
(output written to C:\Users\phamh\OneDrive\Documents\Thesis_2026/HPV thesis/Output/tables/table5c_gap_model.csv)
. }

. log close table5c
      name:  table5c
       log:  C:\Users\phamh\OneDrive\Documents\Thesis_2026/HPV thesis/Output/tables/table5c_gap_model.log
  log type:  text
 closed on:  22 Apr 2026, 18:02:06
---------------------------------------------------------------------------------------------------------------------------------------------------------------------------------------------------------------------------------------------------------------

. 
. *===============================================================
. *  TABLE 5D: CRUDE (UNADJUSTED) POISSON – each variable alone
. *  Provides crude PR for comparison with adjusted PR in Table 5
. *===============================================================
. capture log close table5d

. log using "`tab_dir'/table5d_crude_models.log", replace text name(table5d)
---------------------------------------------------------------------------------------------------------------------------------------------------------------------------------------------------------------------------------------------------------------
      name:  table5d
       log:  C:\Users\phamh\OneDrive\Documents\Thesis_2026/HPV thesis/Output/tables/table5d_crude_models.log
  log type:  text
 opened on:  22 Apr 2026, 18:02:06

. 
. local crude_vars "i.rural ib3.WAGE ib1.MSTATUS ib3.edu i.insu i.minority ib5.ses5 i.mme i.dvindex i.sb1n"

. foreach v of local crude_vars {
  2.     di as txt _newline "===== Crude PR: `v' → ccp5_bin ====="
  3.     svy: poisson ccp5_bin `v', irr
  4.     di as txt _newline "===== Crude PR: `v' → ccp6_bin ====="
  5.     svy: poisson ccp6_bin `v', irr
  6. }

===== Crude PR: i.rural → ccp5_bin =====
(running poisson on estimation sample)

Survey: Poisson regression

Number of strata =  12                            Number of obs   =      4,102
Number of PSUs   = 697                            Population size = 4,556.7513
                                                  Design df       =        685
                                                  F(1, 685)       =      41.80
                                                  Prob > F        =     0.0000

------------------------------------------------------------------------------
             |             Linearized
    ccp5_bin |        IRR   std. err.      t    P>|t|     [95% conf. interval]
-------------+----------------------------------------------------------------
       rural |
        Yes  |   .7668226   .0314881    -6.47   0.000     .7074244    .8312081
       _cons |   .7305025   .0197995   -11.59   0.000     .6926438    .7704305
------------------------------------------------------------------------------
Note: _cons estimates baseline incidence rate.

===== Crude PR: i.rural → ccp6_bin =====
(running poisson on estimation sample)

Survey: Poisson regression

Number of strata =  12                            Number of obs   =      4,102
Number of PSUs   = 697                            Population size = 4,556.7513
                                                  Design df       =        685
                                                  F(1, 685)       =      19.80
                                                  Prob > F        =     0.0000

------------------------------------------------------------------------------
             |             Linearized
    ccp6_bin |        IRR   std. err.      t    P>|t|     [95% conf. interval]
-------------+----------------------------------------------------------------
       rural |
        Yes  |   .4523574   .0806488    -4.45   0.000     .3187544    .6419589
       _cons |   .1137547   .0127826   -19.34   0.000     .0912327    .1418365
------------------------------------------------------------------------------
Note: _cons estimates baseline incidence rate.

===== Crude PR: ib3.WAGE → ccp5_bin =====
(running poisson on estimation sample)

Survey: Poisson regression

Number of strata =  12                            Number of obs   =      4,102
Number of PSUs   = 697                            Population size = 4,556.7513
                                                  Design df       =        685
                                                  F(2, 684)       =      31.87
                                                  Prob > F        =     0.0000

------------------------------------------------------------------------------
             |             Linearized
    ccp5_bin |        IRR   std. err.      t    P>|t|     [95% conf. interval]
-------------+----------------------------------------------------------------
        WAGE |
      15-19  |    .686555   .0324376    -7.96   0.000     .6257308    .7532916
      20-24  |   .9409229   .0322555    -1.78   0.076     .8796758    1.006434
             |
       _cons |   .7030922   .0163884   -15.11   0.000     .6716398    .7360174
------------------------------------------------------------------------------
Note: _cons estimates baseline incidence rate.

===== Crude PR: ib3.WAGE → ccp6_bin =====
(running poisson on estimation sample)

Survey: Poisson regression

Number of strata =  12                            Number of obs   =      4,102
Number of PSUs   = 697                            Population size = 4,556.7513
                                                  Design df       =        685
                                                  F(2, 684)       =       4.66
                                                  Prob > F        =     0.0098

------------------------------------------------------------------------------
             |             Linearized
    ccp6_bin |        IRR   std. err.      t    P>|t|     [95% conf. interval]
-------------+----------------------------------------------------------------
        WAGE |
      15-19  |   .8010962   .1774724    -1.00   0.317     .5185353     1.23763
      20-24  |   1.418816   .2508651     1.98   0.048     1.002666    2.007687
             |
       _cons |   .0702488   .0086593   -21.54   0.000     .0551479    .0894846
------------------------------------------------------------------------------
Note: _cons estimates baseline incidence rate.

===== Crude PR: ib1.MSTATUS → ccp5_bin =====
(running poisson on estimation sample)

Survey: Poisson regression

Number of strata =  12                            Number of obs   =      4,101
Number of PSUs   = 697                            Population size = 4,555.9126
                                                  Design df       =        685
                                                  F(2, 684)       =       1.19
                                                  Prob > F        =     0.3046

-----------------------------------------------------------------------------------------
                        |             Linearized
               ccp5_bin |        IRR   std. err.      t    P>|t|     [95% conf. interval]
------------------------+----------------------------------------------------------------
                MSTATUS |
Formerly married/union  |   .8505511   .1037333    -1.33   0.185     .6694282    1.080679
   Never married/union  |   .9723441   .0337325    -0.81   0.419     .9083179    1.040883
                        |
                  _cons |   .6359075   .0161717   -17.80   0.000     .6049352    .6684657
-----------------------------------------------------------------------------------------
Note: _cons estimates baseline incidence rate.

===== Crude PR: ib1.MSTATUS → ccp6_bin =====
(running poisson on estimation sample)

Survey: Poisson regression

Number of strata =  12                            Number of obs   =      4,101
Number of PSUs   = 697                            Population size = 4,555.9126
                                                  Design df       =        685
                                                  F(2, 684)       =       7.32
                                                  Prob > F        =     0.0007

-----------------------------------------------------------------------------------------
                        |             Linearized
               ccp6_bin |        IRR   std. err.      t    P>|t|     [95% conf. interval]
------------------------+----------------------------------------------------------------
                MSTATUS |
Formerly married/union  |   1.434724   .5830191     0.89   0.375     .6460393    3.186234
   Never married/union  |   1.919484   .3268346     3.83   0.000     1.374017    2.681495
                        |
                  _cons |   .0506052   .0063919   -23.62   0.000     .0394902    .0648486
-----------------------------------------------------------------------------------------
Note: _cons estimates baseline incidence rate.

===== Crude PR: ib3.edu → ccp5_bin =====
(running poisson on estimation sample)

Survey: Poisson regression

Number of strata =  12                            Number of obs   =      4,102
Number of PSUs   = 697                            Population size = 4,556.7513
                                                  Design df       =        685
                                                  F(2, 684)       =      35.78
                                                  Prob > F        =     0.0000

----------------------------------------------------------------------------------
                 |             Linearized
        ccp5_bin |        IRR   std. err.      t    P>|t|     [95% conf. interval]
-----------------+----------------------------------------------------------------
             edu |
Primary or less  |   .3304176   .0580566    -6.30   0.000     .2340112    .4665409
Lower secondary  |   .7101311   .0376746    -6.45   0.000     .6398819    .7880926
                 |
           _cons |   .6921976   .0140931   -18.07   0.000     .6650725     .720429
----------------------------------------------------------------------------------
Note: _cons estimates baseline incidence rate.

===== Crude PR: ib3.edu → ccp6_bin =====
(running poisson on estimation sample)

Survey: Poisson regression

Number of strata =  12                            Number of obs   =      4,102
Number of PSUs   = 697                            Population size = 4,556.7513
                                                  Design df       =        685
                                                  F(2, 684)       =      13.38
                                                  Prob > F        =     0.0000

----------------------------------------------------------------------------------
                 |             Linearized
        ccp6_bin |        IRR   std. err.      t    P>|t|     [95% conf. interval]
-----------------+----------------------------------------------------------------
             edu |
Primary or less  |   .0820226   .0699387    -2.93   0.003     .0153762    .4375393
Lower secondary  |   .2537842   .0797396    -4.36   0.000     .1369436    .4703137
                 |
           _cons |   .0948943   .0083595   -26.73   0.000      .079822    .1128126
----------------------------------------------------------------------------------
Note: _cons estimates baseline incidence rate.

===== Crude PR: i.insu → ccp5_bin =====
(running poisson on estimation sample)

Survey: Poisson regression

Number of strata =  12                            Number of obs   =      4,101
Number of PSUs   = 697                            Population size = 4,554.5164
                                                  Design df       =        685
                                                  F(1, 685)       =       1.31
                                                  Prob > F        =     0.2536

------------------------------------------------------------------------------
             |             Linearized
    ccp5_bin |        IRR   std. err.      t    P>|t|     [95% conf. interval]
-------------+----------------------------------------------------------------
        insu |
        Yes  |   .9323169   .0571882    -1.14   0.254     .8265299    1.051644
       _cons |   .6299504   .0135284   -21.52   0.000     .6039406    .6570804
------------------------------------------------------------------------------
Note: _cons estimates baseline incidence rate.

===== Crude PR: i.insu → ccp6_bin =====
(running poisson on estimation sample)

Survey: Poisson regression

Number of strata =  12                            Number of obs   =      4,101
Number of PSUs   = 697                            Population size = 4,554.5164
                                                  Design df       =        685
                                                  F(1, 685)       =       5.43
                                                  Prob > F        =     0.0201

------------------------------------------------------------------------------
             |             Linearized
    ccp6_bin |        IRR   std. err.      t    P>|t|     [95% conf. interval]
-------------+----------------------------------------------------------------
        insu |
        Yes  |   .5033141   .1482656    -2.33   0.020     .2822601    .8974882
       _cons |   .0802308   .0070754   -28.61   0.000     .0674749    .0953982
------------------------------------------------------------------------------
Note: _cons estimates baseline incidence rate.

===== Crude PR: i.minority → ccp5_bin =====
(running poisson on estimation sample)

Survey: Poisson regression

Number of strata =  12                            Number of obs   =      4,102
Number of PSUs   = 697                            Population size = 4,556.7513
                                                  Design df       =        685
                                                  F(1, 685)       =      87.91
                                                  Prob > F        =     0.0000

------------------------------------------------------------------------------
             |             Linearized
    ccp5_bin |        IRR   std. err.      t    P>|t|     [95% conf. interval]
-------------+----------------------------------------------------------------
    minority |
        Yes  |   .5378191   .0355767    -9.38   0.000     .4723127    .6124108
       _cons |   .6703516   .0141972   -18.88   0.000     .6430479    .6988146
------------------------------------------------------------------------------
Note: _cons estimates baseline incidence rate.

===== Crude PR: i.minority → ccp6_bin =====
(running poisson on estimation sample)

Survey: Poisson regression

Number of strata =  12                            Number of obs   =      4,102
Number of PSUs   = 697                            Population size = 4,556.7513
                                                  Design df       =        685
                                                  F(1, 685)       =      18.05
                                                  Prob > F        =     0.0000

------------------------------------------------------------------------------
             |             Linearized
    ccp6_bin |        IRR   std. err.      t    P>|t|     [95% conf. interval]
-------------+----------------------------------------------------------------
    minority |
        Yes  |   .1885228   .0740302    -4.25   0.000     .0872002    .4075776
       _cons |    .085107   .0074882   -28.00   0.000     .0716044     .101156
------------------------------------------------------------------------------
Note: _cons estimates baseline incidence rate.

===== Crude PR: ib5.ses5 → ccp5_bin =====
(running poisson on estimation sample)

Survey: Poisson regression

Number of strata =  12                            Number of obs   =      4,102
Number of PSUs   = 697                            Population size = 4,556.7513
                                                  Design df       =        685
                                                  F(4, 682)       =      49.16
                                                  Prob > F        =     0.0000

------------------------------------------------------------------------------
             |             Linearized
    ccp5_bin |        IRR   std. err.      t    P>|t|     [95% conf. interval]
-------------+----------------------------------------------------------------
        ses5 |
 Q1 poorest  |   .3981349   .0287948   -12.73   0.000      .345429    .4588826
         Q2  |   .7001229    .033459    -7.46   0.000     .6374163    .7689982
         Q3  |   .7698074   .0338236    -5.95   0.000      .706181    .8391665
         Q4  |    .879569   .0324427    -3.48   0.001     .8181217    .9456314
             |
       _cons |   .8360203   .0190786    -7.85   0.000     .7993875    .8743318
------------------------------------------------------------------------------
Note: _cons estimates baseline incidence rate.

===== Crude PR: ib5.ses5 → ccp6_bin =====
(running poisson on estimation sample)

Survey: Poisson regression

Number of strata =  12                            Number of obs   =      4,102
Number of PSUs   = 697                            Population size = 4,556.7513
                                                  Design df       =        685
                                                  F(4, 682)       =      17.00
                                                  Prob > F        =     0.0000

------------------------------------------------------------------------------
             |             Linearized
    ccp6_bin |        IRR   std. err.      t    P>|t|     [95% conf. interval]
-------------+----------------------------------------------------------------
        ses5 |
 Q1 poorest  |   .0425417   .0194287    -6.91   0.000     .0173534    .1042907
         Q2  |   .3653141   .0831017    -4.43   0.000      .233718     .571006
         Q3  |   .3586286   .0809641    -4.54   0.000      .230217    .5586663
         Q4  |   .5536093   .1132884    -2.89   0.004     .3704321    .8273669
             |
       _cons |   .1656005   .0216689   -13.74   0.000      .128081    .2141109
------------------------------------------------------------------------------
Note: _cons estimates baseline incidence rate.

===== Crude PR: i.mme → ccp5_bin =====
(running poisson on estimation sample)

Survey: Poisson regression

Number of strata =  12                            Number of obs   =      4,102
Number of PSUs   = 697                            Population size = 4,556.7513
                                                  Design df       =        685
                                                  F(1, 685)       =      34.73
                                                  Prob > F        =     0.0000

------------------------------------------------------------------------------
             |             Linearized
    ccp5_bin |        IRR   std. err.      t    P>|t|     [95% conf. interval]
-------------+----------------------------------------------------------------
         mme |
        Yes  |   1.656209   .1417971     5.89   0.000     1.399942    1.959386
       _cons |   .3907559   .0330221   -11.12   0.000     .3310126    .4612819
------------------------------------------------------------------------------
Note: _cons estimates baseline incidence rate.

===== Crude PR: i.mme → ccp6_bin =====
(running poisson on estimation sample)

Survey: Poisson regression

Number of strata =  12                            Number of obs   =      4,102
Number of PSUs   = 697                            Population size = 4,556.7513
                                                  Design df       =        685
                                                  F(1, 685)       =       4.94
                                                  Prob > F        =     0.0265

------------------------------------------------------------------------------
             |             Linearized
    ccp6_bin |        IRR   std. err.      t    P>|t|     [95% conf. interval]
-------------+----------------------------------------------------------------
         mme |
        Yes  |   3.049643   1.529271     2.22   0.027     1.139333    8.162951
       _cons |   .0261038   .0130876    -7.27   0.000      .009754    .0698592
------------------------------------------------------------------------------
Note: _cons estimates baseline incidence rate.

===== Crude PR: i.dvindex → ccp5_bin =====
(running poisson on estimation sample)

Survey: Poisson regression

Number of strata =  12                             Number of obs   =     3,901
Number of PSUs   = 694                             Population size = 4,345.243
                                                   Design df       =       682
                                                   F(1, 682)       =     21.93
                                                   Prob > F        =    0.0000

------------------------------------------------------------------------------
             |             Linearized
    ccp5_bin |        IRR   std. err.      t    P>|t|     [95% conf. interval]
-------------+----------------------------------------------------------------
     dvindex |
        Yes  |   1.442834   .1129498     4.68   0.000     1.237266    1.682556
       _cons |   .4516999   .0344386   -10.42   0.000     .3888993    .5246417
------------------------------------------------------------------------------
Note: _cons estimates baseline incidence rate.

===== Crude PR: i.dvindex → ccp6_bin =====
(running poisson on estimation sample)

Survey: Poisson regression

Number of strata =  12                             Number of obs   =     3,901
Number of PSUs   = 694                             Population size = 4,345.243
                                                   Design df       =       682
                                                   F(1, 682)       =      8.05
                                                   Prob > F        =    0.0047

------------------------------------------------------------------------------
             |             Linearized
    ccp6_bin |        IRR   std. err.      t    P>|t|     [95% conf. interval]
-------------+----------------------------------------------------------------
     dvindex |
        Yes  |   2.437716   .7655962     2.84   0.005     1.315761    4.516367
       _cons |   .0324735   .0100555   -11.07   0.000     .0176801    .0596451
------------------------------------------------------------------------------
Note: _cons estimates baseline incidence rate.

===== Crude PR: i.sb1n → ccp5_bin =====
(running poisson on estimation sample)

Survey: Poisson regression

Number of strata =  12                            Number of obs   =      4,101
Number of PSUs   = 697                            Population size = 4,556.6201
                                                  Design df       =        685
                                                  F(1, 685)       =       1.20
                                                  Prob > F        =     0.2738

------------------------------------------------------------------------------
             |             Linearized
    ccp5_bin |        IRR   std. err.      t    P>|t|     [95% conf. interval]
-------------+----------------------------------------------------------------
        sb1n |
        Yes  |   1.038586   .0359012     1.10   0.274     .9704351    1.111523
       _cons |   .6112974   .0180447   -16.67   0.000      .576875    .6477738
------------------------------------------------------------------------------
Note: _cons estimates baseline incidence rate.

===== Crude PR: i.sb1n → ccp6_bin =====
(running poisson on estimation sample)

Survey: Poisson regression

Number of strata =  12                            Number of obs   =      4,101
Number of PSUs   = 697                            Population size = 4,556.6201
                                                  Design df       =        685
                                                  F(1, 685)       =      13.79
                                                  Prob > F        =     0.0002

------------------------------------------------------------------------------
             |             Linearized
    ccp6_bin |        IRR   std. err.      t    P>|t|     [95% conf. interval]
-------------+----------------------------------------------------------------
        sb1n |
        Yes  |   .5545738   .0880529    -3.71   0.000     .4060411     .757441
       _cons |   .0978673   .0114143   -19.93   0.000      .077837    .1230522
------------------------------------------------------------------------------
Note: _cons estimates baseline incidence rate.

. log close table5d
      name:  table5d
       log:  C:\Users\phamh\OneDrive\Documents\Thesis_2026/HPV thesis/Output/tables/table5d_crude_models.log
  log type:  text
 closed on:  22 Apr 2026, 18:02:09
---------------------------------------------------------------------------------------------------------------------------------------------------------------------------------------------------------------------------------------------------------------

. 
. *===============================================================
. *  TABLE 5E: STRATIFIED MODELS (Urban vs Rural)
. *===============================================================
. capture log close table5e

. log using "`tab_dir'/table5e_stratified_models.log", replace text name(table5e)
---------------------------------------------------------------------------------------------------------------------------------------------------------------------------------------------------------------------------------------------------------------
      name:  table5e
       log:  C:\Users\phamh\OneDrive\Documents\Thesis_2026/HPV thesis/Output/tables/table5e_stratified_models.log
  log type:  text
 opened on:  22 Apr 2026, 18:02:09

. 
. capture which esttab

. if !_rc {
.     eststo clear
. 
.     * Urban subpopulation.
.     gen byte is_urban = (rural == 0) if !missing(rural)
. 
.     eststo urban_aware: svy, subpop(is_urban): poisson ccp5_bin ///
>         ib3.WAGE ib1.MSTATUS ib3.edu ///
>         i.insu i.minority ib5.ses5 i.mme ///
>         i.dvindex i.sb1n, irr
(running poisson on estimation sample)

Survey: Poisson regression

Number of strata =  11                            Number of obs   =      3,476
Number of PSUs   = 642                            Population size = 4,430.3283
                                                  Subpop. no. obs =      1,163
                                                  Subpop. size    = 1,646.5292
                                                  Design df       =        631
                                                  F(15, 617)      =       9.85
                                                  Prob > F        =     0.0000

-----------------------------------------------------------------------------------------
                        |             Linearized
               ccp5_bin |        IRR   std. err.      t    P>|t|     [95% conf. interval]
------------------------+----------------------------------------------------------------
                   WAGE |
                 15-19  |   .6988436   .0545176    -4.59   0.000     .5995827    .8145371
                 20-24  |   .9437465   .0472468    -1.16   0.248     .8553813     1.04124
                        |
                MSTATUS |
Formerly married/union  |   1.090931   .0614131     1.55   0.123     .9767596    1.218449
   Never married/union  |   .9643965   .0963612    -0.36   0.717     .7925766    1.173465
                        |
                    edu |
       Primary or less  |   .6368658   .1310518    -2.19   0.029     .4251619    .9539851
       Lower secondary  |   .7272985   .0731555    -3.17   0.002     .5969388     .886126
                        |
                   insu |
                   Yes  |   1.019144   .0697999     0.28   0.782     .8908935    1.165857
                        |
               minority |
                   Yes  |   .8812357   .0911903    -1.22   0.222     .7191847    1.079801
                        |
                   ses5 |
            Q1 poorest  |   .5356258   .1500013    -2.23   0.026     .3090477    .9283194
                    Q2  |   .7832725    .057358    -3.34   0.001     .6783607    .9044094
                    Q3  |   .7482742   .0474844    -4.57   0.000     .6606036    .8475797
                    Q4  |   .8665341   .0369671    -3.36   0.001     .7968982     .942255
                        |
                    mme |
                   Yes  |   1.193647   .1736277     1.22   0.224     .8970614    1.588289
                        |
                dvindex |
                   Yes  |   1.093601   .0900068     1.09   0.277     .9303953    1.285435
                        |
                   sb1n |
                   Yes  |   .9792305   .0902637    -0.23   0.820     .8170937     1.17354
                  _cons |   .8109201   .1502564    -1.13   0.258     .5635789    1.166813
-----------------------------------------------------------------------------------------
Note: _cons estimates baseline incidence rate.
Note: 1 stratum omitted because it contains no subpopulation members.
. 
.     eststo urban_vacc: svy, subpop(is_urban): poisson ccp6_bin ///
>         ib3.WAGE ib1.MSTATUS ib3.edu ///
>         i.insu i.minority ib5.ses5 i.mme ///
>         i.dvindex i.sb1n, irr
(running poisson on estimation sample)

Survey: Poisson regression

Number of strata =  11                            Number of obs   =      3,476
Number of PSUs   = 642                            Population size = 4,430.3283
                                                  Subpop. no. obs =      1,163
                                                  Subpop. size    = 1,646.5292
                                                  Design df       =        631
                                                  F(15, 617)      =     291.83
                                                  Prob > F        =     0.0000

-----------------------------------------------------------------------------------------
                        |             Linearized
               ccp6_bin |        IRR   std. err.      t    P>|t|     [95% conf. interval]
------------------------+----------------------------------------------------------------
                   WAGE |
                 15-19  |   .8370518   .2447788    -0.61   0.543     .4713651     1.48644
                 20-24  |   1.405052   .3200179     1.49   0.136     .8983556    2.197539
                        |
                MSTATUS |
Formerly married/union  |   2.310788   1.167357     1.66   0.098     .8568918    6.231521
   Never married/union  |   1.346814   .5732179     0.70   0.484     .5838901     3.10659
                        |
                    edu |
       Primary or less  |   2.06e-07   7.15e-08   -44.27   0.000     1.04e-07    4.07e-07
       Lower secondary  |   .4320329   .2166794    -1.67   0.095     .1613577    1.156762
                        |
                   insu |
                   Yes  |   .5485983   .2062575    -1.60   0.111     .2621873    1.147882
                        |
               minority |
                   Yes  |   .4182341   .3344678    -1.09   0.276     .0869748    2.011156
                        |
                   ses5 |
            Q1 poorest  |   1.07e-07   4.68e-08   -36.74   0.000     4.55e-08    2.53e-07
                    Q2  |   .5517481   .1724002    -1.90   0.057     .2987182    1.019107
                    Q3  |   .5376368    .160441    -2.08   0.038      .299217    .9660326
                    Q4  |   .6866882   .1915546    -1.35   0.178     .3970607    1.187578
                        |
                    mme |
                   Yes  |   .9244324     .47182    -0.15   0.878     .3393099    2.518569
                        |
                dvindex |
                   Yes  |   1.504841   .6550334     0.94   0.348     .6401237    3.537669
                        |
                   sb1n |
                   Yes  |   .8888123   .3785607    -0.28   0.782     .3850983    2.051391
                  _cons |   .1052124   .0975013    -2.43   0.015     .0170504    .6492302
-----------------------------------------------------------------------------------------
Note: _cons estimates baseline incidence rate.
Note: 1 stratum omitted because it contains no subpopulation members.
. 
.     * Rural subpopulation.
.     gen byte is_rural = (rural == 1) if !missing(rural)
. 
.     eststo rural_aware: svy, subpop(is_rural): poisson ccp5_bin ///
>         ib3.WAGE ib1.MSTATUS ib3.edu ///
>         i.insu i.minority ib5.ses5 i.mme ///
>         i.dvindex i.sb1n, irr
(running poisson on estimation sample)

Survey: Poisson regression

Number of strata =  12                            Number of obs   =      3,942
Number of PSUs   = 695                            Population size =  4,398.592
                                                  Subpop. no. obs =      2,736
                                                  Subpop. size    = 2,696.3478
                                                  Design df       =        683
                                                  F(15, 669)      =      17.52
                                                  Prob > F        =     0.0000

-----------------------------------------------------------------------------------------
                        |             Linearized
               ccp5_bin |        IRR   std. err.      t    P>|t|     [95% conf. interval]
------------------------+----------------------------------------------------------------
                   WAGE |
                 15-19  |   .5643153   .0439271    -7.35   0.000     .4843347    .6575036
                 20-24  |   .9161498   .0468458    -1.71   0.087     .8286372    1.012905
                        |
                MSTATUS |
Formerly married/union  |   .7575874   .1271086    -1.65   0.098     .5449592    1.053177
   Never married/union  |   1.174203    .213832     0.88   0.378     .8212153    1.678916
                        |
                    edu |
       Primary or less  |   .4295813   .1089943    -3.33   0.001     .2610317    .7069642
       Lower secondary  |   .8714667   .0528416    -2.27   0.024     .7736532    .9816469
                        |
                   insu |
                   Yes  |   .9775011   .0767787    -0.29   0.772     .8377996    1.140497
                        |
               minority |
                   Yes  |   .8496014   .0767947    -1.80   0.072     .7114417    1.014591
                        |
                   ses5 |
            Q1 poorest  |   .6268191   .0681678    -4.30   0.000        .5063    .7760263
                    Q2  |   .8561249   .0627263    -2.12   0.034     .7414142    .9885835
                    Q3  |    .899927   .0623097    -1.52   0.128      .785537    1.030975
                    Q4  |   .9459938   .0623018    -0.84   0.400     .8312464    1.076581
                        |
                    mme |
                   Yes  |   1.130733   .1099077     1.26   0.207     .9342778    1.368497
                        |
                dvindex |
                   Yes  |   1.308546   .1497274     2.35   0.019     1.045248    1.638169
                        |
                   sb1n |
                   Yes  |    1.08608   .1930725     0.46   0.642     .7660815    1.539744
                  _cons |   .5574109   .1291664    -2.52   0.012     .3536553    .8785587
-----------------------------------------------------------------------------------------
Note: _cons estimates baseline incidence rate.
. 
.     eststo rural_vacc: svy, subpop(is_rural): poisson ccp6_bin ///
>         ib3.WAGE ib1.MSTATUS ib3.edu ///
>         i.insu i.minority ib5.ses5 i.mme ///
>         i.dvindex i.sb1n, irr
(running poisson on estimation sample)

Survey: Poisson regression

Number of strata =  12                            Number of obs   =      3,942
Number of PSUs   = 695                            Population size =  4,398.592
                                                  Subpop. no. obs =      2,736
                                                  Subpop. size    = 2,696.3478
                                                  Design df       =        683
                                                  F(15, 669)      =       5.81
                                                  Prob > F        =     0.0000

-----------------------------------------------------------------------------------------
                        |             Linearized
               ccp6_bin |        IRR   std. err.      t    P>|t|     [95% conf. interval]
------------------------+----------------------------------------------------------------
                   WAGE |
                 15-19  |   .2762918   .1221193    -2.91   0.004     .1160043    .6580546
                 20-24  |   .9261891   .2685382    -0.26   0.792     .5241615    1.636568
                        |
                MSTATUS |
Formerly married/union  |   .8985668    .555686    -0.17   0.863     .2668217    3.026074
   Never married/union  |   1.146518   .8944556     0.18   0.861     .2478206    5.304254
                        |
                    edu |
       Primary or less  |   .6326688   .5513394    -0.53   0.600     .1143088    3.501653
       Lower secondary  |   .4313626   .1737003    -2.09   0.037     .1956473    .9510674
                        |
                   insu |
                   Yes  |   .8860729   .3540238    -0.30   0.762     .4043659    1.941621
                        |
               minority |
                   Yes  |   .8706812   .4839822    -0.25   0.803     .2923244    2.593303
                        |
                   ses5 |
            Q1 poorest  |   .1246103   .0820254    -3.16   0.002     .0342177    .4537916
                    Q2  |   .5888892   .2078403    -1.50   0.134     .2944967     1.17757
                    Q3  |   .3342252   .1257038    -2.91   0.004     .1597092    .6994371
                    Q4  |   .5713088   .1772529    -1.80   0.072     .3106779    1.050586
                        |
                    mme |
                   Yes  |    15.3333   12.07968     3.47   0.001     3.264845     72.0126
                        |
                dvindex |
                   Yes  |   1.906287   .9285462     1.32   0.186     .7325454    4.960687
                        |
                   sb1n |
                   Yes  |    .626075   .4994582    -0.59   0.557      .130727    2.998384
                  _cons |   .0085039    .010895    -3.72   0.000     .0006873    .1052184
-----------------------------------------------------------------------------------------
Note: _cons estimates baseline incidence rate.
. 
.     esttab urban_aware rural_aware ///
>         using "`tab_dir'/table5e_stratified_awareness.csv", replace ///
>         eform cells("b(fmt(3)) ci(fmt(3)) p(fmt(3))") ///
>         label mtitles("Urban" "Rural")
(output written to C:\Users\phamh\OneDrive\Documents\Thesis_2026/HPV thesis/Output/tables/table5e_stratified_awareness.csv)
. 
.     esttab urban_vacc rural_vacc ///
>         using "`tab_dir'/table5e_stratified_vaccination.csv", replace ///
>         eform cells("b(fmt(3)) ci(fmt(3)) p(fmt(3))") ///
>         label mtitles("Urban" "Rural")
(output written to C:\Users\phamh\OneDrive\Documents\Thesis_2026/HPV thesis/Output/tables/table5e_stratified_vaccination.csv)
. }

. log close table5e
      name:  table5e
       log:  C:\Users\phamh\OneDrive\Documents\Thesis_2026/HPV thesis/Output/tables/table5e_stratified_models.log
  log type:  text
 closed on:  22 Apr 2026, 18:02:10
---------------------------------------------------------------------------------------------------------------------------------------------------------------------------------------------------------------------------------------------------------------

. 
. *===============================================================
. *  FIGURE 7: CONCENTRATION CURVE
. *  Lorenz-type curve showing inequality in awareness & vaccination
. *===============================================================
. 
. * Generate fractional rank of SES.
. sort ses

. quietly gen rank_ses = .

. quietly summarize wmweight

. quietly gen cumw = sum(wmweight)

. quietly replace rank_ses = (cumw - wmweight/2) / cumw[_N]

. 
. * Compute cumulative share of outcome weighted by rank.
. * Awareness concentration curve.
. quietly gen wa = ccp5_bin * wmweight

. sort rank_ses

. quietly gen cum_wa = sum(wa)

. quietly summarize wa

. quietly gen cc_aware = cum_wa / cum_wa[_N]

. 
. * Vaccination concentration curve.
. quietly gen wv = ccp6_bin * wmweight

. sort rank_ses

. quietly gen cum_wv = sum(wv)

. quietly summarize wv

. quietly gen cc_vacc = cum_wv / cum_wv[_N]

. 
. twoway (line cc_aware rank_ses, sort lcolor(blue) lwidth(medthick)) ///
>        (line cc_vacc rank_ses, sort lcolor(red) lwidth(medthick)) ///
>        (function y=x, range(0 1) lcolor(gray) lpattern(dash)), ///
>     title("Concentration Curves for HPV Awareness and Vaccination", size(medium)) ///
>     subtitle("Women aged 15-29, Vietnam MICS6", size(small)) ///
>     xtitle("Cumulative share of population (poorest to richest)") ///
>     ytitle("Cumulative share of outcome") ///
>     legend(order(1 "Awareness" 2 "Vaccination" 3 "Line of equality") rows(1) size(small)) ///
>     graphregion(color(white)) plotregion(color(white))

. graph export "`fig_dir'/fig7_concentration_curve.png", replace width(2400)
file C:\Users\phamh\OneDrive\Documents\Thesis_2026/HPV thesis/Output/figures/fig7_concentration_curve.png saved as PNG format

. 
. drop wa cum_wa cc_aware wv cum_wv cc_vacc cumw rank_ses

. 
. *===============================================================
. *  FIGURE 8: DECOMPOSITION CONTRIBUTION CHART (horizontal bar)
. *  Shows contribution of each factor to awareness inequality
. *===============================================================
. preserve

. use "`tab_dir'/table6_decomposition.dta", clear

. keep if outcome == "ccp5_bin"
(32 observations deleted)

. gen abs_c = abs(contribution)

. gsort -abs_c

. drop abs_c

. 
. * Keep top 10 contributors.
. gen order = _n

. keep if order <= 10
(6 observations deleted)

. 
. graph hbar contribution, over(variable, sort(order) label(labsize(small))) ///
>     title("Decomposition of Inequality in HPV Awareness", size(medium)) ///
>     subtitle("Top 10 contributors (Erreygers)", size(small)) ///
>     ytitle("Absolute contribution to Erreygers CI") ///
>     yline(0, lcolor(gray) lpattern(dash)) ///
>     blabel(bar, format(%6.4f) size(vsmall)) ///
>     graphregion(color(white)) plotregion(color(white))

. graph export "`fig_dir'/fig8_decomposition_awareness.png", replace width(2400)
file C:\Users\phamh\OneDrive\Documents\Thesis_2026/HPV thesis/Output/figures/fig8_decomposition_awareness.png saved as PNG format

. restore

. 
. *===============================================================
. *  FIGURE 9: DECOMPOSITION – VACCINATION
. *===============================================================
. preserve

. use "`tab_dir'/table6_decomposition.dta", clear

. keep if outcome == "ccp6_bin"
(32 observations deleted)

. gen abs_c = abs(contribution)

. gsort -abs_c

. drop abs_c

. gen order = _n

. keep if order <= 10
(6 observations deleted)

. 
. graph hbar contribution, over(variable, sort(order) label(labsize(small))) ///
>     title("Decomposition of Inequality in HPV Vaccination", size(medium)) ///
>     subtitle("Top 10 contributors (Erreygers)", size(small)) ///
>     ytitle("Absolute contribution to Erreygers CI") ///
>     yline(0, lcolor(gray) lpattern(dash)) ///
>     blabel(bar, format(%6.4f) size(vsmall)) ///
>     graphregion(color(white)) plotregion(color(white))

. graph export "`fig_dir'/fig9_decomposition_vaccination.png", replace width(2400)
file C:\Users\phamh\OneDrive\Documents\Thesis_2026/HPV thesis/Output/figures/fig9_decomposition_vaccination.png saved as PNG format

. restore

. 
. *===============================================================
. *  VACCINATION RATE AMONG AWARE WOMEN
. *===============================================================
. capture log close vacc_aware

. log using "`tab_dir'/vacc_among_aware.log", replace text name(vacc_aware)
---------------------------------------------------------------------------------------------------------------------------------------------------------------------------------------------------------------------------------------------------------------
      name:  vacc_aware
       log:  C:\Users\phamh\OneDrive\Documents\Thesis_2026/HPV thesis/Output/tables/vacc_among_aware.log
  log type:  text
 opened on:  22 Apr 2026, 18:02:15

. 
. di as txt _newline "================================================"

================================================

. di as txt "TỶ LỆ TIÊM CHỦNG TRONG NHÓM ĐÃ BIẾT VỀ HPV"
TỶ LỆ TIÊM CHỦNG TRONG NHÓM ĐÃ BIẾT VỀ HPV

. di as txt "================================================"
================================================

. 
. count if ccp5_bin == 1
  2,133

. local n_aware = r(N)

. count if ccp5_bin == 1 & ccp6_bin == 1
  220

. local n_vacc = r(N)

. count if ccp5_bin == 1 & ccp6_bin == 0
  1,913

. local n_not_vacc = r(N)

. 
. di as txt _newline "Unweighted counts:"

Unweighted counts:

. di as txt "  Đã biết (aware):              `n_aware'"
  Đã biết (aware):              2133

. di as txt "  Đã biết VÀ đã tiêm:           `n_vacc'"
  Đã biết VÀ đã tiêm:           220

. di as txt "  Đã biết NHƯNG chưa tiêm:       `n_not_vacc'"
  Đã biết NHƯNG chưa tiêm:       1913

. 
. di as txt _newline "Survey-weighted vaccination rate among aware women:"

Survey-weighted vaccination rate among aware women:

. svy, subpop(ccp5_bin): proportion ccp6_bin
(running proportion on estimation sample)

Survey: Proportion estimation

Number of strata =  12            Number of obs   =      4,102
Number of PSUs   = 697            Population size = 4,556.7513
                                  Subpop. no. obs =      2,133
                                  Subpop. size    = 2,842.4909
                                  Design df       =        685

--------------------------------------------------------------
             |             Linearized            Logit
             | Proportion   std. err.     [95% conf. interval]
-------------+------------------------------------------------
    ccp6_bin |
         No  |   .8802019   .0098333      .8595124    .8982054
        Yes  |   .1197981   .0098333      .1017946    .1404876
--------------------------------------------------------------

. svy, subpop(ccp5_bin): mean ccp6_bin
(running mean on estimation sample)

Survey: Mean estimation

Number of strata =  12            Number of obs   =      4,102
Number of PSUs   = 697            Population size = 4,556.7513
                                  Subpop. no. obs =      2,133
                                  Subpop. size    = 2,842.4909
                                  Design df       =        685

--------------------------------------------------------------
             |             Linearized
             |       Mean   std. err.     [95% conf. interval]
-------------+------------------------------------------------
    ccp6_bin |   .1197981   .0098333       .100491    .1391051
--------------------------------------------------------------

. 
. log close vacc_aware
      name:  vacc_aware
       log:  C:\Users\phamh\OneDrive\Documents\Thesis_2026/HPV thesis/Output/tables/vacc_among_aware.log
  log type:  text
 closed on:  22 Apr 2026, 18:02:15
---------------------------------------------------------------------------------------------------------------------------------------------------------------------------------------------------------------------------------------------------------------

. 
. *===============================================================
. *  QC SUMMARY & ASSERTIONS
. *===============================================================
. capture log close qc

. log using "`tab_dir'/qc_summary.log", replace text name(qc)
---------------------------------------------------------------------------------------------------------------------------------------------------------------------------------------------------------------------------------------------------------------
      name:  qc
       log:  C:\Users\phamh\OneDrive\Documents\Thesis_2026/HPV thesis/Output/tables/qc_summary.log
  log type:  text
 opened on:  22 Apr 2026, 18:02:15

. 
. count
  4,102

. summarize ccp5_bin ccp6_bin gap [aw=wmweight]

    Variable |     Obs      Weight        Mean   Std. dev.       Min        Max
-------------+-----------------------------------------------------------------
    ccp5_bin |   4,102  4556.75127    .6237977   .4844908          0          1
    ccp6_bin |   4,102  4556.75127    .0747297   .2629868          0          1
         gap |   2,133  2842.49093    .8802019   .3248014          0          1

. assert inlist(ccp5_bin, 0, 1, .)

. assert inlist(ccp6_bin, 0, 1, .)

. assert inlist(gap, 0, 1, .)

. 
. di as txt _newline "Key weighted prevalences:"

Key weighted prevalences:

. quietly svy: mean ccp5_bin

. matrix list e(b)

symmetric e(b)[1,1]
     ccp5_bin
y1  .62379769

. quietly svy: mean ccp6_bin

. matrix list e(b)

symmetric e(b)[1,1]
     ccp6_bin
y1  .07472975

. 
. log close qc
      name:  qc
       log:  C:\Users\phamh\OneDrive\Documents\Thesis_2026/HPV thesis/Output/tables/qc_summary.log
  log type:  text
 closed on:  22 Apr 2026, 18:02:15
---------------------------------------------------------------------------------------------------------------------------------------------------------------------------------------------------------------------------------------------------------------

. 
. *───────────────────────────────────────────────────────
. di as result _newline "All outputs saved in: `out_dir'"

All outputs saved in: C:\Users\phamh\OneDrive\Documents\Thesis_2026/HPV thesis/Output

. di as result "End time: `c(current_date)' `c(current_time)'"
End time: 22 Apr 2026 18:02:15

. 
. log close master
      name:  master
       log:  C:\Users\phamh\OneDrive\Documents\Thesis_2026/HPV thesis/Output/logs/hpv_analysis_master.log
  log type:  text
 closed on:  22 Apr 2026, 18:02:15
---------------------------------------------------------------------------------------------------------------------------------------------------------------------------------------------------------------------------------------------------------------

. exit, clear

end of do-file
