---------------------------------------------------------------------------------------------------------------------------------------------------------------------------------------------------------------------------------------------------------------
      name:  master
       log:  E:\FH5\Thesis HA\Thesis_2026/HPV thesis/Output/logs/hpv_analysis_master.log
  log type:  text
 opened on:   6 May 2026, 03:34:55

. 
. di as txt "Project root : `root'"
Project root : E:\FH5\Thesis HA\Thesis_2026

. di as txt "Start time   : `c(current_date)' `c(current_time)'"
Start time   :  6 May 2026 03:34:55

. 
. *******************************************************************************
. * 2. DEPENDENCY CHECKS
. *******************************************************************************
. 
. capture which conindex

. if _rc {
.     di as error "Required Stata package not found: conindex."
.     di as error "Install in Stata with: ssc install conindex"
.     error 199
. }

. 
. *******************************************************************************
. * 3. LOAD DATA AND CONFIRM REQUIRED VARIABLES
. *******************************************************************************
. 
. use "`data_dir'/data_raw_mics6_inter_format.dta", clear

. 
. local required "CCP5 CCP6 WAGE MSTATUS welevel insurance ethnicity2"

. local required "`required' wscore windex5 HH1 HH6 wmweight PSU stratum"

. local required "`required' MT1 MT2 MT3 MT5 MT10 MT12"

. local required "`required' DV1A DV1B DV1C DV1D DV1E SB1"

. 
. foreach v of local required {
  2.     capture confirm variable `v'
  3.     if _rc {
  4.         di as error "Missing required variable: `v'"
  5.         error 111
  6.     }
  7. }

. 
. *******************************************************************************
. * 4. ANALYTIC SAMPLE AND SURVEY DESIGN
. *******************************************************************************
. 
. keep if inrange(WAGE, 1, 3)
(7,192 observations deleted)

. drop if missing(wmweight, PSU, stratum) | wmweight <= 0
(0 observations deleted)

. 
. count
  4,102

. local N_analytic = r(N)

. di as result "Analytic sample, women aged 15-29: `N_analytic'"
Analytic sample, women aged 15-29: 4102

. 
. rename wscore  ses

. rename windex5 ses5

. rename HH1     ea

. rename HH6     area

. 
. svyset PSU [pweight=wmweight], strata(stratum) vce(linearized) singleunit(centered)

Sampling weights: wmweight
             VCE: linearized
      Subpop. df: off
     Single unit: centered
        Strata 1: stratum
 Sampling unit 1: PSU
           FPC 1: <zero>

. 
. *******************************************************************************
. * 5. CLEANING, RECODING, AND LABELS
. *******************************************************************************
. 
. replace MSTATUS    = . if !inlist(MSTATUS, 1, 2, 3)
(1 real change made, 1 to missing)

. replace insurance  = . if !inlist(insurance, 1, 2)
(1 real change made, 1 to missing)

. replace ethnicity2 = . if !inlist(ethnicity2, 1, 2)
(0 real changes made)

. replace welevel    = . if !inlist(welevel, 0, 1, 2, 3, 4, 5)
(0 real changes made)

. replace ses5       = . if !inrange(ses5, 1, 5)
(0 real changes made)

. 
. label define yn          0 "No" 1 "Yes", replace

. label define area_lab    1 "Urban" 2 "Rural", replace

. label define wage_lab    1 "15-19" 2 "20-24" 3 "25-29", replace

. label define mstatus_lab 1 "Currently married/union" ///
>                          2 "Formerly married/union"  ///
>                          3 "Never married/union", replace

. label define edu_lab     1 "Primary or less" ///
>                          2 "Lower secondary" ///
>                          3 "Upper secondary+", replace

. label define ses5_lab    1 "Q1 poorest" 2 "Q2" 3 "Q3" 4 "Q4" 5 "Q5 richest", replace

. label define eth_lab     1 "Kinh/Hoa" 2 "Ethnic minority", replace

. label define insu_lab    0 "Insured" 1 "Uninsured", replace

. 
. label values WAGE       wage_lab

. label values area       area_lab

. label values MSTATUS    mstatus_lab

. label values ses5       ses5_lab

. label values ethnicity2 eth_lab

. 
. * Outcomes.
. gen byte ccp5_bin = .
(4,102 missing values generated)

. replace ccp5_bin = 1 if CCP5 == 1
(2,133 real changes made)

. replace ccp5_bin = 0 if CCP5 == 2
(1,969 real changes made)

. label values ccp5_bin yn

. label variable ccp5_bin "Heard about HPV vaccination"

. 
. gen byte ccp6_bin = .
(4,102 missing values generated)

. replace ccp6_bin = 1 if CCP6 == 1
(220 real changes made)

. replace ccp6_bin = 0 if inlist(CCP6, 2, 8)
(1,913 real changes made)

. replace ccp6_bin = 0 if missing(CCP6) & CCP5 == 2
(1,969 real changes made)

. label values ccp6_bin yn

. label variable ccp6_bin "Received HPV vaccine"

. 
. gen byte gap = .
(4,102 missing values generated)

. replace gap = 1 if ccp5_bin == 1 & ccp6_bin == 0
(1,913 real changes made)

. replace gap = 0 if ccp5_bin == 1 & ccp6_bin == 1
(220 real changes made)

. label define gap_lab 0 "Aware and vaccinated" 1 "Aware but unvaccinated", replace

. label values gap gap_lab

. label variable gap "Awareness-vaccination gap"

. 
. gen byte ccp6_aware = ccp6_bin if ccp5_bin == 1
(1,969 missing values generated)

. label values ccp6_aware yn

. label variable ccp6_aware "Received HPV vaccine among aware women"

. 
. * Covariates.
. gen byte edu = .
(4,102 missing values generated)

. replace edu = 1 if inlist(welevel, 0, 1)
(601 real changes made)

. replace edu = 2 if welevel == 2
(1,074 real changes made)

. replace edu = 3 if inlist(welevel, 3, 4, 5)
(2,427 real changes made)

. label values edu edu_lab

. label variable edu "Education group"

. 
. gen byte insu = .
(4,102 missing values generated)

. replace insu = 1 if insurance == 2
(496 real changes made)

. replace insu = 0 if insurance == 1
(3,605 real changes made)

. label values insu insu_lab

. label variable insu "Health insurance"

. 
. gen byte rural = .
(4,102 missing values generated)

. replace rural = 1 if area == 2
(2,896 real changes made)

. replace rural = 0 if area == 1
(1,206 real changes made)

. label values rural yn

. label variable rural "Rural residence"

. 
. gen byte minority = .
(4,102 missing values generated)

. replace minority = 1 if ethnicity2 == 2
(1,687 real changes made)

. replace minority = 0 if ethnicity2 == 1
(2,415 real changes made)

. label values minority yn

. label variable minority "Ethnic minority"

. 
. * Media frequencies: 0 none, 1-3 any exposure.
. foreach v in MT1 MT2 MT3 MT5 MT10 MT12 {
  2.     replace `v' = . if !inlist(`v', 0, 1, 2, 3)
  3.     gen byte `v'_use = .
  4.     replace `v'_use = 1 if inrange(`v', 1, 3)
  5.     replace `v'_use = 0 if `v' == 0
  6. }
(2 real changes made, 2 to missing)
(4,102 missing values generated)
(2,344 real changes made)
(1,756 real changes made)
(1 real change made, 1 to missing)
(4,102 missing values generated)
(433 real changes made)
(3,668 real changes made)
(0 real changes made)
(4,102 missing values generated)
(2,909 real changes made)
(1,193 real changes made)
(0 real changes made)
(4,102 missing values generated)
(1,211 real changes made)
(701 real changes made)
(1 real change made, 1 to missing)
(4,102 missing values generated)
(3,232 real changes made)
(38 real changes made)
(1 real change made, 1 to missing)
(4,102 missing values generated)
(3,847 real changes made)
(254 real changes made)

. 
. egen mme_obs = rownonmiss(MT1_use MT2_use MT3_use)

. egen mme_any = rowmax(MT1_use MT2_use MT3_use)

. gen byte mme = .
(4,102 missing values generated)

. replace mme = mme_any if mme_obs > 0
(4,102 real changes made)

. drop mme_obs mme_any

. label values mme yn

. label variable mme "Any mass media exposure"

. 
. egen ict_obs = rownonmiss(MT5_use MT10_use MT12_use)

. egen ict_any = rowmax(MT5_use MT10_use MT12_use)

. gen byte ict = .
(4,102 missing values generated)

. replace ict = ict_any if ict_obs > 0
(4,102 real changes made)

. drop ict_obs ict_any

. label values ict yn

. label variable ict "Any ICT exposure"

. 
. * Gender-equitable attitude: rejects all five wife-beating justifications.
. foreach v in DV1A DV1B DV1C DV1D DV1E {
  2.     replace `v' = . if !inlist(`v', 1, 2)
  3. }
(95 real changes made, 95 to missing)
(115 real changes made, 115 to missing)
(111 real changes made, 111 to missing)
(185 real changes made, 185 to missing)
(76 real changes made, 76 to missing)

. gen byte dvindex = .
(4,102 missing values generated)

. replace dvindex = 1 if DV1A == 2 & DV1B == 2 & DV1C == 2 & DV1D == 2 & DV1E == 2
(3,367 real changes made)

. replace dvindex = 0 if DV1A == 1 | DV1B == 1 | DV1C == 1 | DV1D == 1 | DV1E == 1
(534 real changes made)

. label values dvindex yn

. label variable dvindex "Rejects all wife-beating justifications"

. 
. replace SB1 = . if inlist(SB1, 8, 98, 99)
(1 real change made, 1 to missing)

. gen byte sb1n = .
(4,102 missing values generated)

. replace sb1n = 0 if SB1 == 0
(1,632 real changes made)

. replace sb1n = 1 if inrange(SB1, 1, 95)
(2,469 real changes made)

. label values sb1n yn

. label variable sb1n "Ever had sexual intercourse"

. 
. * ICT is kept for descriptive and bivariate analysis, but excluded from adjusted
. * models if near universal or near absent.
. quietly summarize ict [aw=wmweight]

. local ict_mean = r(mean)

. local include_ict = 1

. if `ict_mean' > 0.95 | `ict_mean' < 0.05 {
.     local include_ict = 0
.     di as txt "NOTE: ICT weighted prevalence = " %5.3f `ict_mean' ///
>         "; excluded from adjusted models because of sparse contrast."
NOTE: ICT weighted prevalence = 0.979; excluded from adjusted models because of sparse contrast.
. }

. 
. local model_ict ""

. local decomp_ict ""

. if `include_ict' {
.     local model_ict "i.ict"
.     local decomp_ict "ict"
. }

. 
. compress
  variable CCP3AY was int now byte
  variable CCP3BY was int now byte
  variable CCP3CY was int now byte
  variable WB19A was str33 now str1
  variable WB19B was str51 now str1
  variable WB19C was str46 now str1
  variable WB19D was str48 now str1
  variable WB19E was str43 now str1
  variable WB19F was str47 now str1
  variable WB19X was str31 now str1
  variable WB19NR was str37 now str1
  variable AB12A was str41 now str1
  variable AB12B was str18 now str1
  variable AB12C was str26 now str1
  variable AB12D was str50 now str1
  variable AB12E was str65 now str1
  variable AB12F was str22 now str1
  variable AB12G was str38 now str1
  variable AB12H was str26 now str1
  variable AB12X was str16 now str1
  variable AB12Z was str5 now str1
  variable AB12NR was str11 now str1
  variable AB14A was str15 now str1
  variable AB14C was str18 now str1
  variable MN3A was str30 now str1
  variable MN3B was str37 now str1
  variable MN3G was str44 now str1
  variable MN19A was str30 now str1
  variable MN19B was str39 now str1
  variable MN19F was str51 now str1
  variable MN19G was str44 now str1
  variable MN19H was str49 now str1
  variable MN19X was str29 now str1
  variable MN19Y was str30 now str1
  variable MN19NR was str35 now str1
  variable MN31A was str43 now str1
  variable MN31B was str46 now str1
  variable MN31C was str75 now str1
  variable MN31X was str35 now str1
  variable MN31Z was str49 now str1
  variable MN39A was str51 now str1
  variable MN39B was str33 now str1
  variable MN39C was str44 now str1
  variable MN39D was str33 now str1
  variable MN39E was str51 now str1
  variable MN39F was str33 now str1
  variable MN39G was str36 now str1
  variable MN39H was str37 now str1
  variable MN39I was str27 now str1
  variable MN39J was str41 now str1
  variable MN39X was str27 now str1
  variable MN39Y was str49 now str1
  variable MN39NR was str33 now str1
  variable PN14A was str40 now str1
  variable PN14B was str49 now str1
  variable PN14F was str61 now str1
  variable PN14G was str57 now str1
  variable PN14H was str51 now str1
  variable PN14X was str39 now str1
  variable PN23A was str42 now str1
  variable PN23B was str51 now str1
  variable PN23F was str63 now str1
  variable PN23G was str56 now str1
  variable PN23H was str53 now str1
  variable PN23X was str41 now str1
  variable PN23NR was str47 now str1
  variable CP4A was str36 now str1
  variable CP4B was str34 now str1
  variable CP4C was str19 now str1
  variable CP4D was str27 now str1
  variable CP4E was str24 now str1
  variable CP4F was str20 now str1
  variable CP4G was str27 now str1
  variable CP4H was str29 now str1
  variable CP4I was str25 now str1
  variable CP4J was str28 now str1
  variable CP4K was str36 now str1
  variable CP4L was str44 now str1
  variable CP4M was str26 now str1
  variable CP4X was str21 now str1
  variable CP4NR was str27 now str1
  variable UN12A was str31 now str1
  variable UN12B was str18 now str1
  variable UN12C was str25 now str1
  variable UN12D was str20 now str1
  variable UN12E was str65 now str1
  variable UN12F was str30 now str1
  variable UN12G was str21 now str1
  variable UN12H was str15 now str1
  variable UN12I was str18 now str1
  variable UN12X was str13 now str1
  variable UN12Z was str10 now str1
  variable UN12NR was str19 now str1
  variable VT7A was str74 now str1
  variable VT7X was str79 now str1
  variable VT18A was str74 now str1
  variable VT18B was str72 now str1
  variable VT18X was str79 now str1
  variable OH was str7 now str1
  variable OK was str9 now str1
  variable ON was str8 now str1
  variable OO was str8 now str1
  variable OQ was str8 now str1
  variable OT was str7 now str1
  variable OU was str7 now str1
  variable OW was str7 now str1
  (14,541,590 bytes saved)

. save "`int_dir'/hpv_women_15_29_clean.dta", replace
file E:\FH5\Thesis HA\Thesis_2026/HPV thesis/Output/intermediate/hpv_women_15_29_clean.dta saved

. 
. *******************************************************************************
. * 6. QUALITY CONTROL LOG
. *******************************************************************************
. 
. capture log close qc

. log using "`tab_dir'/qc_summary.log", replace text name(qc)
---------------------------------------------------------------------------------------------------------------------------------------------------------------------------------------------------------------------------------------------------------------
      name:  qc
       log:  E:\FH5\Thesis HA\Thesis_2026/HPV thesis/Output/tables/qc_summary.log
  log type:  text
 opened on:   6 May 2026, 03:34:56

. count
  4,102

. summarize ccp5_bin ccp6_bin ccp6_aware gap [aw=wmweight]

    Variable |     Obs      Weight        Mean   Std. dev.       Min        Max
-------------+-----------------------------------------------------------------
    ccp5_bin |   4,102  4556.75127    .6237977   .4844908          0          1
    ccp6_bin |   4,102  4556.75127    .0747297   .2629868          0          1
  ccp6_aware |   2,133  2842.49093    .1197981   .3248014          0          1
         gap |   2,133  2842.49093    .8802019   .3248014          0          1

. foreach v in ccp5_bin ccp6_bin ccp6_aware gap WAGE area minority insu MSTATUS edu ses5 mme ict dvindex sb1n {
  2.     count if missing(`v')
  3.     di as txt "`v' missing N = " %9.0f r(N) " (" %5.1f 100*r(N)/_N "%)"
  4. }
  0
ccp5_bin missing N =         0 (  0.0%)
  0
ccp6_bin missing N =         0 (  0.0%)
  1,969
ccp6_aware missing N =      1969 ( 48.0%)
  1,969
gap missing N =      1969 ( 48.0%)
  0
WAGE missing N =         0 (  0.0%)
  0
area missing N =         0 (  0.0%)
  0
minority missing N =         0 (  0.0%)
  1
insu missing N =         1 (  0.0%)
  1
MSTATUS missing N =         1 (  0.0%)
  0
edu missing N =         0 (  0.0%)
  0
ses5 missing N =         0 (  0.0%)
  0
mme missing N =         0 (  0.0%)
  0
ict missing N =         0 (  0.0%)
  201
dvindex missing N =       201 (  4.9%)
  1
sb1n missing N =         1 (  0.0%)

. svy: mean ccp5_bin ccp6_bin
(running mean on estimation sample)

Survey: Mean estimation

Number of strata =  12            Number of obs   =      4,102
Number of PSUs   = 697            Population size = 4,556.7513
                                  Design df       =        685

--------------------------------------------------------------
             |             Linearized
             |       Mean   std. err.     [95% conf. interval]
-------------+------------------------------------------------
    ccp5_bin |   .6237977   .0130819      .5981122    .6494832
    ccp6_bin |   .0747297   .0064127      .0621388    .0873207
--------------------------------------------------------------

. svy, subpop(ccp5_bin): mean ccp6_bin ccp6_aware gap
(running mean on estimation sample)

Survey: Mean estimation

Number of strata =  12            Number of obs   =      4,102
Number of PSUs   = 697            Population size = 4,556.7513
Subpop. no. PSUs = 628            Subpop. no. obs =      2,133
                                  Subpop. size    = 2,842.4909
                                  Design df       =        685

--------------------------------------------------------------
             |             Linearized
             |       Mean   std. err.     [95% conf. interval]
-------------+------------------------------------------------
    ccp6_bin |   .1197981   .0098333       .100491    .1391051
  ccp6_aware |   .1197981   .0098333       .100491    .1391051
         gap |   .8802019   .0098333      .8608949     .899509
--------------------------------------------------------------

. log close qc
      name:  qc
       log:  E:\FH5\Thesis HA\Thesis_2026/HPV thesis/Output/tables/qc_summary.log
  log type:  text
 closed on:   6 May 2026, 03:34:58
---------------------------------------------------------------------------------------------------------------------------------------------------------------------------------------------------------------------------------------------------------------

. 
. *******************************************************************************
. * 7. DESCRIPTIVE TABLE WITH SURVEY-WEIGHTED 95% CI
. *******************************************************************************
. 
. capture postclose t1

. tempname t1

. postfile `t1' str40 variable str60 category double(unweighted_n pct lci uci) ///
>     using "`tab_dir'/table1_descriptive.dta", replace

. 
. local profile_vars "WAGE area minority insu MSTATUS edu ses5 ccp5_bin ccp6_bin gap mme ict dvindex sb1n"

. foreach v of local profile_vars {
  2.     local vlabel : variable label `v'
  3.     if "`vlabel'" == "" local vlabel "`v'"
  4.     levelsof `v' if !missing(`v'), local(levels)
  5.     foreach lev of local levels {
  6.         local cat : label (`v') `lev'
  7.         if "`cat'" == "" local cat "`lev'"
  8.         quietly count if `v' == `lev'
  9.         scalar __n = r(N)
 10.         tempvar ind
 11.         gen byte `ind' = (`v' == `lev') if !missing(`v')
 12.         quietly svy: mean `ind'
 13.         matrix __m = r(table)
 14.         scalar __pct = __m[1,1] * 100
 15.         scalar __lci = __m[5,1] * 100
 16.         scalar __uci = __m[6,1] * 100
 17.         post `t1' ("`vlabel'") ("`cat'") (__n) (__pct) (__lci) (__uci)
 18.         drop `ind'
 19.     }
 20. }
1 2 3
1 2
0 1
0 1
(1 missing value generated)
(1 missing value generated)
1 2 3
(1 missing value generated)
(1 missing value generated)
(1 missing value generated)
1 2 3
1 2 3 4 5
0 1
0 1
0 1
(1,969 missing values generated)
(1,969 missing values generated)
0 1
0 1
0 1
(201 missing values generated)
(201 missing values generated)
0 1
(1 missing value generated)
(1 missing value generated)

. postclose `t1'

. 
. preserve

. use "`tab_dir'/table1_descriptive.dta", clear

. format pct lci uci %6.2f

. export delimited using "`tab_dir'/table1_descriptive.csv", replace
file E:\FH5\Thesis HA\Thesis_2026/HPV thesis/Output/tables/table1_descriptive.csv saved

. restore

. 
. *******************************************************************************
. * 8. BIVARIATE TABLES: SURVEY-WEIGHTED ROW % AND DESIGN-BASED PEARSON TEST
. *******************************************************************************
. 
. local assoc_vars "WAGE area minority insu MSTATUS edu ses5 mme ict dvindex sb1n"

. 
. foreach outcome in ccp5_bin ccp6_bin gap ccp6_aware {
  2.     if "`outcome'" == "ccp5_bin" {
  3.         local outname "awareness"
  4.         local outfile "`tab_dir'/table2_awareness_bivariate"
  5.     }
  6.     else if "`outcome'" == "ccp6_bin" {
  7.         local outname "vaccination"
  8.         local outfile "`tab_dir'/table3_vaccination_bivariate"
  9.     }
 10.     else if "`outcome'" == "ccp6_aware" {
 11.         local outname "vaccination_aware"
 12.         local outfile "`tab_dir'/table7_vaccination_aware_sensitivity"
 13.     }
 14.     else {
 15.         local outname "gap"
 16.         local outfile "`tab_dir'/table3b_gap_bivariate"
 17.     }
 18. 
.     capture postclose tbiv
 19.     tempname tbiv
 20.     postfile `tbiv' str40 variable str60 category str20 outcome ///
>         double(unweighted_n pct lci uci pvalue) using "`outfile'.dta", replace
 21. 
.     capture log close `outname'_biv
 22.     log using "`outfile'.log", replace text name(`outname'_biv)
 23. 
.     foreach v of local assoc_vars {
 24.         local vlabel : variable label `v'
 25.         if "`vlabel'" == "" local vlabel "`v'"
 26. 
.         scalar __p = .
 27.         if inlist("`outcome'", "gap", "ccp6_aware") {
 28.             capture noisily svy, subpop(ccp5_bin): tabulate `v' `outcome', row percent ci pearson format(%5.1f)
 29.         }
 30.         else {
 31.             capture noisily svy: tabulate `v' `outcome', row percent ci pearson format(%5.1f)
 32.         }
 33.         capture scalar __p = e(p_Pear)
 34.         if missing(__p) {
 35.             capture scalar __p = e(p_Penl)
 36.         }
 37. 
.         levelsof `v' if !missing(`v'), local(levels)
 38.         foreach lev of local levels {
 39.             local cat : label (`v') `lev'
 40.             if "`cat'" == "" local cat "`lev'"
 41.             if inlist("`outcome'", "gap", "ccp6_aware") {
 42.                 quietly count if `v' == `lev' & ccp5_bin == 1 & !missing(gap)
 43.                 scalar __n = r(N)
 44.                 tempvar sub
 45.                 gen byte `sub' = (`v' == `lev' & ccp5_bin == 1) if !missing(`v') & !missing(ccp5_bin)
 46.                 replace `sub' = 0 if missing(`sub')
 47.                 quietly svy, subpop(`sub'): proportion `outcome'
 48.             }
 49.             else {
 50.                 quietly count if `v' == `lev' & !missing(`outcome')
 51.                 scalar __n = r(N)
 52.                 tempvar sub
 53.                 gen byte `sub' = (`v' == `lev') if !missing(`v') & !missing(`outcome')
 54.                 replace `sub' = 0 if missing(`sub')
 55.                 quietly svy, subpop(`sub'): proportion `outcome'
 56.             }
 57.             matrix __m = r(table)
 58.             scalar __pct = __m[1,2] * 100
 59.             scalar __lci = __m[5,2] * 100
 60.             scalar __uci = __m[6,2] * 100
 61.             post `tbiv' ("`vlabel'") ("`cat'") ("`outcome'") (__n) (__pct) (__lci) (__uci) (__p)
 62.             drop `sub'
 63.         }
 64.     }
 65.     log close `outname'_biv
 66. 
.     postclose `tbiv'
 67.     preserve
 68.     use "`outfile'.dta", clear
 69.     format pct lci uci %6.2f
 70.     format pvalue %9.4f
 71.     export delimited using "`outfile'.csv", replace
 72.     restore
 73. }
---------------------------------------------------------------------------------------------------------------------------------------------------------------------------------------------------------------------------------------------------------------
      name:  awareness_biv
       log:  E:\FH5\Thesis HA\Thesis_2026/HPV thesis/Output/tables/table2_awareness_bivariate.log
  log type:  text
 opened on:   6 May 2026, 03:35:00
(running tabulate on estimation sample)

Number of strata =  12                            Number of obs   =      4,102
Number of PSUs   = 697                            Population size = 4,556.7513
                                                  Design df       =        685

-------------------------------------------------
          |      Heard about HPV vaccination     
      Age |          No          Yes        Total
----------+--------------------------------------
    15-19 |        51.7         48.3        100.0
          | [47.6,55.8]  [44.2,52.4]             
          | 
    20-24 |        33.8         66.2        100.0
          | [29.9,38.1]  [61.9,70.1]             
          | 
    25-29 |        29.7         70.3        100.0
          | [26.6,33.0]  [67.0,73.4]             
          | 
    Total |        37.6         62.4        100.0
          | [35.1,40.2]  [59.8,64.9]             
-------------------------------------------------
Key: Row percentage
     [95% confidence interval for row percentage]

  Pearson:
    Uncorrected   chi2(2)         =  157.0332
    Design-based  F(1.99, 1361.95)=   42.5344     P = 0.0000
1 2 3
(0 real changes made)
(0 real changes made)
(0 real changes made)
(running tabulate on estimation sample)

Number of strata =  12                            Number of obs   =      4,102
Number of PSUs   = 697                            Population size = 4,556.7513
                                                  Design df       =        685

-------------------------------------------------
          |      Heard about HPV vaccination     
     Area |          No          Yes        Total
----------+--------------------------------------
    Urban |        26.9         73.1        100.0
          | [23.2,31.0]  [69.0,76.8]             
          | 
    Rural |        44.0         56.0        100.0
          | [40.7,47.4]  [52.6,59.3]             
          | 
    Total |        37.6         62.4        100.0
          | [35.1,40.2]  [59.8,64.9]             
-------------------------------------------------
Key: Row percentage
     [95% confidence interval for row percentage]

  Pearson:
    Uncorrected   chi2(1)         =  118.6831
    Design-based  F(1, 685)       =   38.4305     P = 0.0000
1 2
(0 real changes made)
(0 real changes made)
(running tabulate on estimation sample)

Number of strata =  12                            Number of obs   =      4,102
Number of PSUs   = 697                            Population size = 4,556.7513
                                                  Design df       =        685

-------------------------------------------------
Ethnic    |      Heard about HPV vaccination     
minority  |          No          Yes        Total
----------+--------------------------------------
       No |        33.0         67.0        100.0
          | [30.2,35.8]  [64.2,69.8]             
          | 
      Yes |        63.9         36.1        100.0
          | [59.4,68.3]  [31.7,40.6]             
          | 
    Total |        37.6         62.4        100.0
          | [35.1,40.2]  [59.8,64.9]             
-------------------------------------------------
Key: Row percentage
     [95% confidence interval for row percentage]

  Pearson:
    Uncorrected   chi2(1)         =  214.2337
    Design-based  F(1, 685)       =  129.8862     P = 0.0000
0 1
(0 real changes made)
(0 real changes made)
(running tabulate on estimation sample)

Number of strata =  12                            Number of obs   =      4,101
Number of PSUs   = 697                            Population size = 4,554.5164
                                                  Design df       =        685

-------------------------------------------------
Health    |      Heard about HPV vaccination     
insurance |          No          Yes        Total
----------+--------------------------------------
  Insured |        37.0         63.0        100.0
          | [34.4,39.7]  [60.3,65.6]             
          | 
 Uninsure |        41.3         58.7        100.0
          | [34.6,48.3]  [51.7,65.4]             
          | 
    Total |        37.6         62.4        100.0
          | [35.1,40.2]  [59.8,64.9]             
-------------------------------------------------
Key: Row percentage
     [95% confidence interval for row percentage]

  Pearson:
    Uncorrected   chi2(1)         =    3.7601
    Design-based  F(1, 685)       =    1.4247     P = 0.2330
0 1
(1 missing value generated)
(1 real change made)
(1 missing value generated)
(1 real change made)
(running tabulate on estimation sample)

Number of strata =  12                            Number of obs   =      4,101
Number of PSUs   = 697                            Population size = 4,555.9126
                                                  Design df       =        685

-------------------------------------------------
Marital/U |
nion      |
status of |      Heard about HPV vaccination     
woman     |          No          Yes        Total
----------+--------------------------------------
 Currentl |        36.4         63.6        100.0
          | [33.3,39.6]  [60.4,66.7]             
          | 
 Formerly |        45.9         54.1        100.0
          | [33.3,59.0]  [41.0,66.7]             
          | 
 Never ma |        38.2         61.8        100.0
          | [34.8,41.7]  [58.3,65.2]             
          | 
    Total |        37.6         62.4        100.0
          | [35.1,40.2]  [59.8,64.9]             
-------------------------------------------------
Key: Row percentage
     [95% confidence interval for row percentage]

  Pearson:
    Uncorrected   chi2(2)         =    5.4322
    Design-based  F(1.95, 1337.12)=    1.2516     P = 0.2859
1 2 3
(1 missing value generated)
(1 real change made)
(1 missing value generated)
(1 real change made)
(1 missing value generated)
(1 real change made)
(running tabulate on estimation sample)

Number of strata =  12                            Number of obs   =      4,102
Number of PSUs   = 697                            Population size = 4,556.7513
                                                  Design df       =        685

-------------------------------------------------
Education |      Heard about HPV vaccination     
group     |          No          Yes        Total
----------+--------------------------------------
  Primary |        77.1         22.9        100.0
          | [68.4,84.0]  [16.0,31.6]             
          | 
 Lower se |        50.8         49.2        100.0
          | [45.9,55.7]  [44.3,54.1]             
          | 
 Upper se |        30.8         69.2        100.0
          | [28.1,33.6]  [66.4,71.9]             
          | 
    Total |        37.6         62.4        100.0
          | [35.1,40.2]  [59.8,64.9]             
-------------------------------------------------
Key: Row percentage
     [95% confidence interval for row percentage]

  Pearson:
    Uncorrected   chi2(2)         =  268.8138
    Design-based  F(1.97, 1347.88)=   64.8291     P = 0.0000
1 2 3
(0 real changes made)
(0 real changes made)
(0 real changes made)
(running tabulate on estimation sample)

Number of strata =  12                            Number of obs   =      4,102
Number of PSUs   = 697                            Population size = 4,556.7513
                                                  Design df       =        685

-------------------------------------------------
Wealth    |
index     |      Heard about HPV vaccination     
quintiles |          No          Yes        Total
----------+--------------------------------------
 Q1 poore |        66.7         33.3        100.0
          | [62.1,71.0]  [29.0,37.9]             
          | 
       Q2 |        41.5         58.5        100.0
          | [36.7,46.4]  [53.6,63.3]             
          | 
       Q3 |        35.6         64.4        100.0
          | [30.9,40.7]  [59.3,69.1]             
          | 
       Q4 |        26.5         73.5        100.0
          | [22.2,31.2]  [68.8,77.8]             
          | 
 Q5 riche |        16.4         83.6        100.0
          | [13.0,20.5]  [79.5,87.0]             
          | 
    Total |        37.6         62.4        100.0
          | [35.1,40.2]  [59.8,64.9]             
-------------------------------------------------
Key: Row percentage
     [95% confidence interval for row percentage]

  Pearson:
    Uncorrected   chi2(4)         =  473.4971
    Design-based  F(3.98, 2726.12)=   60.0470     P = 0.0000
1 2 3 4 5
(0 real changes made)
(0 real changes made)
(0 real changes made)
(0 real changes made)
(0 real changes made)
(running tabulate on estimation sample)

Number of strata =  12                            Number of obs   =      4,102
Number of PSUs   = 697                            Population size = 4,556.7513
                                                  Design df       =        685

-------------------------------------------------
Any mass  |
media     |      Heard about HPV vaccination     
exposure  |          No          Yes        Total
----------+--------------------------------------
       No |        60.9         39.1        100.0
          | [54.3,67.2]  [32.8,45.7]             
          | 
      Yes |        35.3         64.7        100.0
          | [32.7,37.9]  [62.1,67.3]             
          | 
    Total |        37.6         62.4        100.0
          | [35.1,40.2]  [59.8,64.9]             
-------------------------------------------------
Key: Row percentage
     [95% confidence interval for row percentage]

  Pearson:
    Uncorrected   chi2(1)         =   95.2195
    Design-based  F(1, 685)       =   54.8340     P = 0.0000
0 1
(0 real changes made)
(0 real changes made)
(running tabulate on estimation sample)

Number of strata =  12                            Number of obs   =      4,102
Number of PSUs   = 697                            Population size = 4,556.7513
                                                  Design df       =        685

-------------------------------------------------
Any ICT   |      Heard about HPV vaccination     
exposure  |          No          Yes        Total
----------+--------------------------------------
       No |        76.6         23.4        100.0
          | [65.5,84.9]  [15.1,34.5]             
          | 
      Yes |        36.8         63.2        100.0
          | [34.2,39.4]  [60.6,65.8]             
          | 
    Total |        37.6         62.4        100.0
          | [35.1,40.2]  [59.8,64.9]             
-------------------------------------------------
Key: Row percentage
     [95% confidence interval for row percentage]

  Pearson:
    Uncorrected   chi2(1)         =   57.0885
    Design-based  F(1, 685)       =   48.1285     P = 0.0000
0 1
(0 real changes made)
(0 real changes made)
(running tabulate on estimation sample)

Number of strata =  12                             Number of obs   =     3,901
Number of PSUs   = 694                             Population size = 4,345.243
                                                   Design df       =       682

-------------------------------------------------
Rejects   |
all       |
wife-beat |
ing       |
justifica |      Heard about HPV vaccination     
tions     |          No          Yes        Total
----------+--------------------------------------
       No |        54.8         45.2        100.0
          | [48.0,61.5]  [38.5,52.0]             
          | 
      Yes |        34.8         65.2        100.0
          | [32.2,37.6]  [62.4,67.8]             
          | 
    Total |        36.8         63.2        100.0
          | [34.2,39.4]  [60.6,65.8]             
-------------------------------------------------
Key: Row percentage
     [95% confidence interval for row percentage]

  Pearson:
    Uncorrected   chi2(1)         =   59.1923
    Design-based  F(1, 682)       =   31.4021     P = 0.0000
0 1
(201 missing values generated)
(201 real changes made)
(201 missing values generated)
(201 real changes made)
(running tabulate on estimation sample)

Number of strata =  12                            Number of obs   =      4,101
Number of PSUs   = 697                            Population size = 4,556.6201
                                                  Design df       =        685

-------------------------------------------------
Ever had  |
sexual    |
intercour |      Heard about HPV vaccination     
se        |          No          Yes        Total
----------+--------------------------------------
       No |        38.9         61.1        100.0
          | [35.4,42.5]  [57.5,64.6]             
          | 
      Yes |        36.5         63.5        100.0
          | [33.5,39.7]  [60.3,66.5]             
          | 
    Total |        37.6         62.4        100.0
          | [35.1,40.2]  [59.8,64.9]             
-------------------------------------------------
Key: Row percentage
     [95% confidence interval for row percentage]

  Pearson:
    Uncorrected   chi2(1)         =    2.4215
    Design-based  F(1, 685)       =    1.2118     P = 0.2714
0 1
(1 missing value generated)
(1 real change made)
(1 missing value generated)
(1 real change made)
      name:  awareness_biv
       log:  E:\FH5\Thesis HA\Thesis_2026/HPV thesis/Output/tables/table2_awareness_bivariate.log
  log type:  text
 closed on:   6 May 2026, 03:35:02
---------------------------------------------------------------------------------------------------------------------------------------------------------------------------------------------------------------------------------------------------------------
file E:\FH5\Thesis HA\Thesis_2026/HPV thesis/Output/tables/table2_awareness_bivariate.csv saved
---------------------------------------------------------------------------------------------------------------------------------------------------------------------------------------------------------------------------------------------------------------
      name:  vaccination_biv
       log:  E:\FH5\Thesis HA\Thesis_2026/HPV thesis/Output/tables/table3_vaccination_bivariate.log
  log type:  text
 opened on:   6 May 2026, 03:35:02
(running tabulate on estimation sample)

Number of strata =  12                            Number of obs   =      4,102
Number of PSUs   = 697                            Population size = 4,556.7513
                                                  Design df       =        685

-------------------------------------------------
          |         Received HPV vaccine         
      Age |          No          Yes        Total
----------+--------------------------------------
    15-19 |        94.4          5.6        100.0
          | [92.0,96.1]    [3.9,8.0]             
          | 
    20-24 |        90.0         10.0        100.0
          | [87.2,92.3]   [7.7,12.8]             
          | 
    25-29 |        93.0          7.0        100.0
          | [91.1,94.5]    [5.5,8.9]             
          | 
    Total |        92.5          7.5        100.0
          | [91.2,93.7]    [6.3,8.8]             
-------------------------------------------------
Key: Row percentage
     [95% confidence interval for row percentage]

  Pearson:
    Uncorrected   chi2(2)         =   17.5613
    Design-based  F(1.98, 1353.98)=    4.2393     P = 0.0150
1 2 3
(0 real changes made)
(0 real changes made)
(0 real changes made)
(running tabulate on estimation sample)

Number of strata =  12                            Number of obs   =      4,102
Number of PSUs   = 697                            Population size = 4,556.7513
                                                  Design df       =        685

-------------------------------------------------
          |         Received HPV vaccine         
     Area |          No          Yes        Total
----------+--------------------------------------
    Urban |        88.6         11.4        100.0
          | [85.9,90.9]   [9.1,14.1]             
          | 
    Rural |        94.9          5.1        100.0
          | [93.3,96.1]    [3.9,6.7]             
          | 
    Total |        92.5          7.5        100.0
          | [91.2,93.7]    [6.3,8.8]             
-------------------------------------------------
Key: Row percentage
     [95% confidence interval for row percentage]

  Pearson:
    Uncorrected   chi2(1)         =   53.8777
    Design-based  F(1, 685)       =   20.7879     P = 0.0000
1 2
(0 real changes made)
(0 real changes made)
(running tabulate on estimation sample)

Number of strata =  12                            Number of obs   =      4,102
Number of PSUs   = 697                            Population size = 4,556.7513
                                                  Design df       =        685

-------------------------------------------------
Ethnic    |         Received HPV vaccine         
minority  |          No          Yes        Total
----------+--------------------------------------
       No |        91.5          8.5        100.0
          | [89.9,92.8]   [7.2,10.1]             
          | 
      Yes |        98.4          1.6        100.0
          | [96.6,99.2]    [0.8,3.4]             
          | 
    Total |        92.5          7.5        100.0
          | [91.2,93.7]    [6.3,8.8]             
-------------------------------------------------
Key: Row percentage
     [95% confidence interval for row percentage]

  Pearson:
    Uncorrected   chi2(1)         =   36.1282
    Design-based  F(1, 685)       =   23.9327     P = 0.0000
0 1
(0 real changes made)
(0 real changes made)
(running tabulate on estimation sample)

Number of strata =  12                            Number of obs   =      4,101
Number of PSUs   = 697                            Population size = 4,554.5164
                                                  Design df       =        685

-------------------------------------------------
Health    |         Received HPV vaccine         
insurance |          No          Yes        Total
----------+--------------------------------------
  Insured |        92.0          8.0        100.0
          | [90.5,93.3]    [6.7,9.5]             
          | 
 Uninsure |        96.0          4.0        100.0
          | [93.0,97.7]    [2.3,7.0]             
          | 
    Total |        92.5          7.5        100.0
          | [91.2,93.7]    [6.3,8.8]             
-------------------------------------------------
Key: Row percentage
     [95% confidence interval for row percentage]

  Pearson:
    Uncorrected   chi2(1)         =   11.1390
    Design-based  F(1, 685)       =    5.8360     P = 0.0160
0 1
(1 missing value generated)
(1 real change made)
(1 missing value generated)
(1 real change made)
(running tabulate on estimation sample)

Number of strata =  12                            Number of obs   =      4,101
Number of PSUs   = 697                            Population size = 4,555.9126
                                                  Design df       =        685

-------------------------------------------------
Marital/U |
nion      |
status of |         Received HPV vaccine         
woman     |          No          Yes        Total
----------+--------------------------------------
 Currentl |        94.9          5.1        100.0
          | [93.5,96.1]    [3.9,6.5]             
          | 
 Formerly |        92.7          7.3        100.0
          | [85.0,96.6]   [3.4,15.0]             
          | 
 Never ma |        90.3          9.7        100.0
          | [87.9,92.3]   [7.7,12.1]             
          | 
    Total |        92.5          7.5        100.0
          | [91.2,93.7]    [6.3,8.8]             
-------------------------------------------------
Key: Row percentage
     [95% confidence interval for row percentage]

  Pearson:
    Uncorrected   chi2(2)         =   30.9927
    Design-based  F(1.96, 1345.01)=    8.4314     P = 0.0003
1 2 3
(1 missing value generated)
(1 real change made)
(1 missing value generated)
(1 real change made)
(1 missing value generated)
(1 real change made)
(running tabulate on estimation sample)

Number of strata =  12                            Number of obs   =      4,102
Number of PSUs   = 697                            Population size = 4,556.7513
                                                  Design df       =        685

-------------------------------------------------
Education |         Received HPV vaccine         
group     |          No          Yes        Total
----------+--------------------------------------
  Primary |        99.2          0.8        100.0
          | [96.0,99.9]    [0.1,4.0]             
          | 
 Lower se |        97.6          2.4        100.0
          | [95.7,98.7]    [1.3,4.3]             
          | 
 Upper se |        90.5          9.5        100.0
          | [88.7,92.0]   [8.0,11.3]             
          | 
    Total |        92.5          7.5        100.0
          | [91.2,93.7]    [6.3,8.8]             
-------------------------------------------------
Key: Row percentage
     [95% confidence interval for row percentage]

  Pearson:
    Uncorrected   chi2(2)         =   64.9655
    Design-based  F(1.87, 1283.03)=   19.8531     P = 0.0000
1 2 3
(0 real changes made)
(0 real changes made)
(0 real changes made)
(running tabulate on estimation sample)

Number of strata =  12                            Number of obs   =      4,102
Number of PSUs   = 697                            Population size = 4,556.7513
                                                  Design df       =        685

-------------------------------------------------
Wealth    |
index     |         Received HPV vaccine         
quintiles |          No          Yes        Total
----------+--------------------------------------
 Q1 poore |        99.3          0.7        100.0
          | [98.3,99.7]    [0.3,1.7]             
          | 
       Q2 |        94.0          6.0        100.0
          | [91.1,95.9]    [4.1,8.9]             
          | 
       Q3 |        94.1          5.9        100.0
          | [91.5,95.9]    [4.1,8.5]             
          | 
       Q4 |        90.8          9.2        100.0
          | [87.6,93.3]   [6.7,12.4]             
          | 
 Q5 riche |        83.4         16.6        100.0
          | [78.7,87.3]  [12.7,21.3]             
          | 
    Total |        92.5          7.5        100.0
          | [91.2,93.7]    [6.3,8.8]             
-------------------------------------------------
Key: Row percentage
     [95% confidence interval for row percentage]

  Pearson:
    Uncorrected   chi2(4)         =  147.3970
    Design-based  F(3.78, 2591.54)=   20.0664     P = 0.0000
1 2 3 4 5
(0 real changes made)
(0 real changes made)
(0 real changes made)
(0 real changes made)
(0 real changes made)
(running tabulate on estimation sample)

Number of strata =  12                            Number of obs   =      4,102
Number of PSUs   = 697                            Population size = 4,556.7513
                                                  Design df       =        685

-------------------------------------------------
Any mass  |
media     |         Received HPV vaccine         
exposure  |          No          Yes        Total
----------+--------------------------------------
       No |        97.4          2.6        100.0
          | [93.1,99.0]    [1.0,6.9]             
          | 
      Yes |        92.0          8.0        100.0
          | [90.6,93.3]    [6.7,9.4]             
          | 
    Total |        92.5          7.5        100.0
          | [91.2,93.7]    [6.3,8.8]             
-------------------------------------------------
Key: Row percentage
     [95% confidence interval for row percentage]

  Pearson:
    Uncorrected   chi2(1)         =   14.0701
    Design-based  F(1, 685)       =    5.7663     P = 0.0166
0 1
(0 real changes made)
(0 real changes made)
(running tabulate on estimation sample)

Number of strata =  12                            Number of obs   =      4,102
Number of PSUs   = 697                            Population size = 4,556.7513
                                                  Design df       =        685

-------------------------------------------------
Any ICT   |         Received HPV vaccine         
exposure  |          No          Yes        Total
----------+--------------------------------------
       No |        97.3          2.7        100.0
          | [83.4,99.6]   [0.4,16.6]             
          | 
      Yes |        92.4          7.6        100.0
          | [91.0,93.6]    [6.4,9.0]             
          | 
    Total |        92.5          7.5        100.0
          | [91.2,93.7]    [6.3,8.8]             
-------------------------------------------------
Key: Row percentage
     [95% confidence interval for row percentage]

  Pearson:
    Uncorrected   chi2(1)         =    2.9312
    Design-based  F(1, 685)       =    1.2893     P = 0.2566
0 1
(0 real changes made)
(0 real changes made)
(running tabulate on estimation sample)

Number of strata =  12                             Number of obs   =     3,901
Number of PSUs   = 694                             Population size = 4,345.243
                                                   Design df       =       682

-------------------------------------------------
Rejects   |
all       |
wife-beat |
ing       |
justifica |         Received HPV vaccine         
tions     |          No          Yes        Total
----------+--------------------------------------
       No |        96.8          3.2        100.0
          | [94.1,98.2]    [1.8,5.9]             
          | 
      Yes |        92.1          7.9        100.0
          | [90.6,93.3]    [6.7,9.4]             
          | 
    Total |        92.5          7.5        100.0
          | [91.2,93.7]    [6.3,8.8]             
-------------------------------------------------
Key: Row percentage
     [95% confidence interval for row percentage]

  Pearson:
    Uncorrected   chi2(1)         =   10.8619
    Design-based  F(1, 682)       =    8.9579     P = 0.0029
0 1
(201 missing values generated)
(201 real changes made)
(201 missing values generated)
(201 real changes made)
(running tabulate on estimation sample)

Number of strata =  12                            Number of obs   =      4,101
Number of PSUs   = 697                            Population size = 4,556.6201
                                                  Design df       =        685

-------------------------------------------------
Ever had  |
sexual    |
intercour |         Received HPV vaccine         
se        |          No          Yes        Total
----------+--------------------------------------
       No |        90.2          9.8        100.0
          | [87.7,92.2]   [7.8,12.3]             
          | 
      Yes |        94.6          5.4        100.0
          | [93.2,95.7]    [4.3,6.8]             
          | 
    Total |        92.5          7.5        100.0
          | [91.2,93.7]    [6.3,8.8]             
-------------------------------------------------
Key: Row percentage
     [95% confidence interval for row percentage]

  Pearson:
    Uncorrected   chi2(1)         =   28.0699
    Design-based  F(1, 685)       =   14.0516     P = 0.0002
0 1
(1 missing value generated)
(1 real change made)
(1 missing value generated)
(1 real change made)
      name:  vaccination_biv
       log:  E:\FH5\Thesis HA\Thesis_2026/HPV thesis/Output/tables/table3_vaccination_bivariate.log
  log type:  text
 closed on:   6 May 2026, 03:35:05
---------------------------------------------------------------------------------------------------------------------------------------------------------------------------------------------------------------------------------------------------------------
file E:\FH5\Thesis HA\Thesis_2026/HPV thesis/Output/tables/table3_vaccination_bivariate.csv saved
---------------------------------------------------------------------------------------------------------------------------------------------------------------------------------------------------------------------------------------------------------------
      name:  gap_biv
       log:  E:\FH5\Thesis HA\Thesis_2026/HPV thesis/Output/tables/table3b_gap_bivariate.log
  log type:  text
 opened on:   6 May 2026, 03:35:05
(running tabulate on estimation sample)

Number of strata =  12                            Number of obs   =      4,102
Number of PSUs   = 697                            Population size = 4,556.7513
Subpop. no. PSUs = 628                            Subpop. no. obs =      2,133
                                                  Subpop. size    = 2,842.4909
                                                  Design df       =        685

-------------------------------------------------
          |       Awareness-vaccination gap      
      Age |    Aware an     Aware bu        Total
----------+--------------------------------------
    15-19 |        11.7         88.3        100.0
          |  [8.3,16.1]  [83.9,91.7]             
          | 
    20-24 |        15.1         84.9        100.0
          | [11.8,19.1]  [80.9,88.2]             
          | 
    25-29 |        10.0         90.0        100.0
          |  [7.9,12.6]  [87.4,92.1]             
          | 
    Total |        12.0         88.0        100.0
          | [10.2,14.0]  [86.0,89.8]             
-------------------------------------------------
Key: Row percentage
     [95% confidence interval for row percentage]

  Pearson:
    Uncorrected   chi2(2)         =   18.6758
    Design-based  F(1.99, 1364.08)=    2.9732     P = 0.0517
1 2 3
(0 real changes made)
(0 real changes made)
(0 real changes made)
(running tabulate on estimation sample)

Number of strata =  12                            Number of obs   =      4,102
Number of PSUs   = 697                            Population size = 4,556.7513
Subpop. no. PSUs = 628                            Subpop. no. obs =      2,133
                                                  Subpop. size    = 2,842.4909
                                                  Design df       =        685

-------------------------------------------------
          |       Awareness-vaccination gap      
     Area |    Aware an     Aware bu        Total
----------+--------------------------------------
    Urban |        15.6         84.4        100.0
          | [12.6,19.1]  [80.9,87.4]             
          | 
    Rural |         9.2         90.8        100.0
          |  [7.1,11.8]  [88.2,92.9]             
          | 
    Total |        12.0         88.0        100.0
          | [10.2,14.0]  [86.0,89.8]             
-------------------------------------------------
Key: Row percentage
     [95% confidence interval for row percentage]

  Pearson:
    Uncorrected   chi2(1)         =   39.0398
    Design-based  F(1, 685)       =    9.8005     P = 0.0018
1 2
(0 real changes made)
(0 real changes made)
(running tabulate on estimation sample)

Number of strata =  12                            Number of obs   =      4,102
Number of PSUs   = 697                            Population size = 4,556.7513
Subpop. no. PSUs = 628                            Subpop. no. obs =      2,133
                                                  Subpop. size    = 2,842.4909
                                                  Design df       =        685

-------------------------------------------------
Ethnic    |       Awareness-vaccination gap      
minority  |    Aware an     Aware bu        Total
----------+--------------------------------------
       No |        12.7         87.3        100.0
          | [10.7,15.0]  [85.0,89.3]             
          | 
      Yes |         4.5         95.5        100.0
          |   [2.1,9.1]  [90.9,97.9]             
          | 
    Total |        12.0         88.0        100.0
          | [10.2,14.0]  [86.0,89.8]             
-------------------------------------------------
Key: Row percentage
     [95% confidence interval for row percentage]

  Pearson:
    Uncorrected   chi2(1)         =   20.9744
    Design-based  F(1, 685)       =    8.6391     P = 0.0034
0 1
(0 real changes made)
(0 real changes made)
(running tabulate on estimation sample)

Number of strata =  12                            Number of obs   =      4,102
Number of PSUs   = 697                            Population size = 4,556.7513
Subpop. no. PSUs = 628                            Subpop. no. obs =      2,133
                                                  Subpop. size    = 2,842.4909
                                                  Design df       =        685

-------------------------------------------------
Health    |       Awareness-vaccination gap      
insurance |    Aware an     Aware bu        Total
----------+--------------------------------------
  Insured |        12.7         87.3        100.0
          | [10.8,15.0]  [85.0,89.2]             
          | 
 Uninsure |         6.9         93.1        100.0
          |  [3.9,11.8]  [88.2,96.1]             
          | 
    Total |        12.0         88.0        100.0
          | [10.2,14.0]  [86.0,89.8]             
-------------------------------------------------
Key: Row percentage
     [95% confidence interval for row percentage]

  Pearson:
    Uncorrected   chi2(1)         =   15.0160
    Design-based  F(1, 685)       =    4.8639     P = 0.0278
0 1
(1 missing value generated)
(1 real change made)
(1 missing value generated)
(1 real change made)
(running tabulate on estimation sample)

Number of strata =  12                            Number of obs   =      4,102
Number of PSUs   = 697                            Population size = 4,556.7513
Subpop. no. PSUs = 628                            Subpop. no. obs =      2,133
                                                  Subpop. size    = 2,842.4909
                                                  Design df       =        685

-------------------------------------------------
Marital/U |
nion      |
status of |       Awareness-vaccination gap      
woman     |    Aware an     Aware bu        Total
----------+--------------------------------------
 Currentl |         8.0         92.0        100.0
          |  [6.2,10.1]  [89.9,93.8]             
          | 
 Formerly |        13.4         86.6        100.0
          |  [6.3,26.3]  [73.7,93.7]             
          | 
 Never ma |        15.7         84.3        100.0
          | [12.7,19.3]  [80.7,87.3]             
          | 
    Total |        12.0         88.0        100.0
          | [10.2,14.0]  [86.0,89.8]             
-------------------------------------------------
Key: Row percentage
     [95% confidence interval for row percentage]

  Pearson:
    Uncorrected   chi2(2)         =   56.9596
    Design-based  F(1.97, 1349.42)=   10.1664     P = 0.0000
1 2 3
(1 missing value generated)
(1 real change made)
(1 missing value generated)
(1 real change made)
(1 missing value generated)
(1 real change made)
(running tabulate on estimation sample)

Number of strata =  12                            Number of obs   =      4,102
Number of PSUs   = 697                            Population size = 4,556.7513
Subpop. no. PSUs = 628                            Subpop. no. obs =      2,133
                                                  Subpop. size    = 2,842.4909
                                                  Design df       =        685

-------------------------------------------------
Education |       Awareness-vaccination gap      
group     |    Aware an     Aware bu        Total
----------+--------------------------------------
  Primary |         3.4         96.6        100.0
          |  [0.6,16.2]  [83.8,99.4]             
          | 
 Lower se |         4.9         95.1        100.0
          |   [2.7,8.7]  [91.3,97.3]             
          | 
 Upper se |        13.7         86.3        100.0
          | [11.6,16.1]  [83.9,88.4]             
          | 
    Total |        12.0         88.0        100.0
          | [10.2,14.0]  [86.0,89.8]             
-------------------------------------------------
Key: Row percentage
     [95% confidence interval for row percentage]

  Pearson:
    Uncorrected   chi2(2)         =   48.7759
    Design-based  F(1.89, 1295.87)=    9.4440     P = 0.0001
1 2 3
(0 real changes made)
(0 real changes made)
(0 real changes made)
(running tabulate on estimation sample)

Number of strata =  12                            Number of obs   =      4,102
Number of PSUs   = 697                            Population size = 4,556.7513
Subpop. no. PSUs = 628                            Subpop. no. obs =      2,133
                                                  Subpop. size    = 2,842.4909
                                                  Design df       =        685

-------------------------------------------------
Wealth    |
index     |       Awareness-vaccination gap      
quintiles |    Aware an     Aware bu        Total
----------+--------------------------------------
 Q1 poore |         2.1         97.9        100.0
          |   [0.9,5.0]  [95.0,99.1]             
          | 
       Q2 |        10.3         89.7        100.0
          |  [7.0,15.0]  [85.0,93.0]             
          | 
       Q3 |         9.2         90.8        100.0
          |  [6.4,13.2]  [86.8,93.6]             
          | 
       Q4 |        12.5         87.5        100.0
          |  [9.2,16.7]  [83.3,90.8]             
          | 
 Q5 riche |        19.8         80.2        100.0
          | [15.3,25.2]  [74.8,84.7]             
          | 
    Total |        12.0         88.0        100.0
          | [10.2,14.0]  [86.0,89.8]             
-------------------------------------------------
Key: Row percentage
     [95% confidence interval for row percentage]

  Pearson:
    Uncorrected   chi2(4)         =  103.9557
    Design-based  F(3.79, 2593.69)=    8.7182     P = 0.0000
1 2 3 4 5
(0 real changes made)
(0 real changes made)
(0 real changes made)
(0 real changes made)
(0 real changes made)
(running tabulate on estimation sample)

Number of strata =  12                            Number of obs   =      4,102
Number of PSUs   = 697                            Population size = 4,556.7513
Subpop. no. PSUs = 628                            Subpop. no. obs =      2,133
                                                  Subpop. size    = 2,842.4909
                                                  Design df       =        685

-------------------------------------------------
Any mass  |
media     |       Awareness-vaccination gap      
exposure  |    Aware an     Aware bu        Total
----------+--------------------------------------
       No |         6.7         93.3        100.0
          |  [2.5,16.7]  [83.3,97.5]             
          | 
      Yes |        12.3         87.7        100.0
          | [10.4,14.4]  [85.6,89.6]             
          | 
    Total |        12.0         88.0        100.0
          | [10.2,14.0]  [86.0,89.8]             
-------------------------------------------------
Key: Row percentage
     [95% confidence interval for row percentage]

  Pearson:
    Uncorrected   chi2(1)         =    6.6167
    Design-based  F(1, 685)       =    1.6827     P = 0.1950
0 1
(0 real changes made)
(0 real changes made)
(running tabulate on estimation sample)

Number of strata =  12                            Number of obs   =      4,102
Number of PSUs   = 697                            Population size = 4,556.7513
Subpop. no. PSUs = 628                            Subpop. no. obs =      2,133
                                                  Subpop. size    = 2,842.4909
                                                  Design df       =        685

-------------------------------------------------
Any ICT   |       Awareness-vaccination gap      
exposure  |    Aware an     Aware bu        Total
----------+--------------------------------------
       No |        11.4         88.6        100.0
          |  [1.7,49.4]  [50.6,98.3]             
          | 
      Yes |        12.0         88.0        100.0
          | [10.2,14.1]  [85.9,89.8]             
          | 
    Total |        12.0         88.0        100.0
          | [10.2,14.0]  [86.0,89.8]             
-------------------------------------------------
Key: Row percentage
     [95% confidence interval for row percentage]

  Pearson:
    Uncorrected   chi2(1)         =    0.0088
    Design-based  F(1, 685)       =    0.0025     P = 0.9598
0 1
(0 real changes made)
(0 real changes made)
(running tabulate on estimation sample)

Number of strata =  12                            Number of obs   =      4,033
Number of PSUs   = 695                            Population size = 4,461.2277
Subpop. no. PSUs = 622                            Subpop. no. obs =      2,064
                                                  Subpop. size    = 2,746.9674
                                                  Design df       =        683

-------------------------------------------------
Rejects   |
all       |
wife-beat |
ing       |
justifica |       Awareness-vaccination gap      
tions     |    Aware an     Aware bu        Total
----------+--------------------------------------
       No |         7.2         92.8        100.0
          |  [3.9,12.8]  [87.2,96.1]             
          | 
      Yes |        12.1         87.9        100.0
          | [10.3,14.3]  [85.7,89.7]             
          | 
    Total |        11.8         88.2        100.0
          | [10.0,13.8]  [86.2,90.0]             
-------------------------------------------------
Key: Row percentage
     [95% confidence interval for row percentage]

  Pearson:
    Uncorrected   chi2(1)         =    6.1853
    Design-based  F(1, 683)       =    3.0510     P = 0.0811
0 1
(201 missing values generated)
(201 real changes made)
(201 missing values generated)
(201 real changes made)
(running tabulate on estimation sample)

Number of strata =  12                            Number of obs   =      4,102
Number of PSUs   = 697                            Population size = 4,556.7513
Subpop. no. PSUs = 628                            Subpop. no. obs =      2,133
                                                  Subpop. size    = 2,842.4909
                                                  Design df       =        685

-------------------------------------------------
Ever had  |
sexual    |
intercour |       Awareness-vaccination gap      
se        |    Aware an     Aware bu        Total
----------+--------------------------------------
       No |        16.0         84.0        100.0
          | [12.9,19.7]  [80.3,87.1]             
          | 
      Yes |         8.5         91.5        100.0
          |  [6.9,10.6]  [89.4,93.1]             
          | 
    Total |        12.0         88.0        100.0
          | [10.2,14.0]  [86.0,89.8]             
-------------------------------------------------
Key: Row percentage
     [95% confidence interval for row percentage]

  Pearson:
    Uncorrected   chi2(1)         =   53.7890
    Design-based  F(1, 685)       =   17.6327     P = 0.0000
0 1
(1 missing value generated)
(1 real change made)
(1 missing value generated)
(1 real change made)
      name:  gap_biv
       log:  E:\FH5\Thesis HA\Thesis_2026/HPV thesis/Output/tables/table3b_gap_bivariate.log
  log type:  text
 closed on:   6 May 2026, 03:35:07
---------------------------------------------------------------------------------------------------------------------------------------------------------------------------------------------------------------------------------------------------------------
file E:\FH5\Thesis HA\Thesis_2026/HPV thesis/Output/tables/table3b_gap_bivariate.csv saved
---------------------------------------------------------------------------------------------------------------------------------------------------------------------------------------------------------------------------------------------------------------
      name:  vaccination_aware_biv
       log:  E:\FH5\Thesis HA\Thesis_2026/HPV thesis/Output/tables/table7_vaccination_aware_sensitivity.log
  log type:  text
 opened on:   6 May 2026, 03:35:07
(running tabulate on estimation sample)

Number of strata =  12                            Number of obs   =      4,102
Number of PSUs   = 697                            Population size = 4,556.7513
Subpop. no. PSUs = 628                            Subpop. no. obs =      2,133
                                                  Subpop. size    = 2,842.4909
                                                  Design df       =        685

-------------------------------------------------
          |Received HPV vaccine among aware women
      Age |          No          Yes        Total
----------+--------------------------------------
    15-19 |        88.3         11.7        100.0
          | [83.9,91.7]   [8.3,16.1]             
          | 
    20-24 |        84.9         15.1        100.0
          | [80.9,88.2]  [11.8,19.1]             
          | 
    25-29 |        90.0         10.0        100.0
          | [87.4,92.1]   [7.9,12.6]             
          | 
    Total |        88.0         12.0        100.0
          | [86.0,89.8]  [10.2,14.0]             
-------------------------------------------------
Key: Row percentage
     [95% confidence interval for row percentage]

  Pearson:
    Uncorrected   chi2(2)         =   18.6758
    Design-based  F(1.99, 1364.08)=    2.9732     P = 0.0517
1 2 3
(0 real changes made)
(0 real changes made)
(0 real changes made)
(running tabulate on estimation sample)

Number of strata =  12                            Number of obs   =      4,102
Number of PSUs   = 697                            Population size = 4,556.7513
Subpop. no. PSUs = 628                            Subpop. no. obs =      2,133
                                                  Subpop. size    = 2,842.4909
                                                  Design df       =        685

-------------------------------------------------
          |Received HPV vaccine among aware women
     Area |          No          Yes        Total
----------+--------------------------------------
    Urban |        84.4         15.6        100.0
          | [80.9,87.4]  [12.6,19.1]             
          | 
    Rural |        90.8          9.2        100.0
          | [88.2,92.9]   [7.1,11.8]             
          | 
    Total |        88.0         12.0        100.0
          | [86.0,89.8]  [10.2,14.0]             
-------------------------------------------------
Key: Row percentage
     [95% confidence interval for row percentage]

  Pearson:
    Uncorrected   chi2(1)         =   39.0398
    Design-based  F(1, 685)       =    9.8005     P = 0.0018
1 2
(0 real changes made)
(0 real changes made)
(running tabulate on estimation sample)

Number of strata =  12                            Number of obs   =      4,102
Number of PSUs   = 697                            Population size = 4,556.7513
Subpop. no. PSUs = 628                            Subpop. no. obs =      2,133
                                                  Subpop. size    = 2,842.4909
                                                  Design df       =        685

-------------------------------------------------
Ethnic    |Received HPV vaccine among aware women
minority  |          No          Yes        Total
----------+--------------------------------------
       No |        87.3         12.7        100.0
          | [85.0,89.3]  [10.7,15.0]             
          | 
      Yes |        95.5          4.5        100.0
          | [90.9,97.9]    [2.1,9.1]             
          | 
    Total |        88.0         12.0        100.0
          | [86.0,89.8]  [10.2,14.0]             
-------------------------------------------------
Key: Row percentage
     [95% confidence interval for row percentage]

  Pearson:
    Uncorrected   chi2(1)         =   20.9744
    Design-based  F(1, 685)       =    8.6391     P = 0.0034
0 1
(0 real changes made)
(0 real changes made)
(running tabulate on estimation sample)

Number of strata =  12                            Number of obs   =      4,102
Number of PSUs   = 697                            Population size = 4,556.7513
Subpop. no. PSUs = 628                            Subpop. no. obs =      2,133
                                                  Subpop. size    = 2,842.4909
                                                  Design df       =        685

-------------------------------------------------
Health    |Received HPV vaccine among aware women
insurance |          No          Yes        Total
----------+--------------------------------------
  Insured |        87.3         12.7        100.0
          | [85.0,89.2]  [10.8,15.0]             
          | 
 Uninsure |        93.1          6.9        100.0
          | [88.2,96.1]   [3.9,11.8]             
          | 
    Total |        88.0         12.0        100.0
          | [86.0,89.8]  [10.2,14.0]             
-------------------------------------------------
Key: Row percentage
     [95% confidence interval for row percentage]

  Pearson:
    Uncorrected   chi2(1)         =   15.0160
    Design-based  F(1, 685)       =    4.8639     P = 0.0278
0 1
(1 missing value generated)
(1 real change made)
(1 missing value generated)
(1 real change made)
(running tabulate on estimation sample)

Number of strata =  12                            Number of obs   =      4,102
Number of PSUs   = 697                            Population size = 4,556.7513
Subpop. no. PSUs = 628                            Subpop. no. obs =      2,133
                                                  Subpop. size    = 2,842.4909
                                                  Design df       =        685

-------------------------------------------------
Marital/U |
nion      |
status of |Received HPV vaccine among aware women
woman     |          No          Yes        Total
----------+--------------------------------------
 Currentl |        92.0          8.0        100.0
          | [89.9,93.8]   [6.2,10.1]             
          | 
 Formerly |        86.6         13.4        100.0
          | [73.7,93.7]   [6.3,26.3]             
          | 
 Never ma |        84.3         15.7        100.0
          | [80.7,87.3]  [12.7,19.3]             
          | 
    Total |        88.0         12.0        100.0
          | [86.0,89.8]  [10.2,14.0]             
-------------------------------------------------
Key: Row percentage
     [95% confidence interval for row percentage]

  Pearson:
    Uncorrected   chi2(2)         =   56.9596
    Design-based  F(1.97, 1349.42)=   10.1664     P = 0.0000
1 2 3
(1 missing value generated)
(1 real change made)
(1 missing value generated)
(1 real change made)
(1 missing value generated)
(1 real change made)
(running tabulate on estimation sample)

Number of strata =  12                            Number of obs   =      4,102
Number of PSUs   = 697                            Population size = 4,556.7513
Subpop. no. PSUs = 628                            Subpop. no. obs =      2,133
                                                  Subpop. size    = 2,842.4909
                                                  Design df       =        685

-------------------------------------------------
Education |Received HPV vaccine among aware women
group     |          No          Yes        Total
----------+--------------------------------------
  Primary |        96.6          3.4        100.0
          | [83.8,99.4]   [0.6,16.2]             
          | 
 Lower se |        95.1          4.9        100.0
          | [91.3,97.3]    [2.7,8.7]             
          | 
 Upper se |        86.3         13.7        100.0
          | [83.9,88.4]  [11.6,16.1]             
          | 
    Total |        88.0         12.0        100.0
          | [86.0,89.8]  [10.2,14.0]             
-------------------------------------------------
Key: Row percentage
     [95% confidence interval for row percentage]

  Pearson:
    Uncorrected   chi2(2)         =   48.7759
    Design-based  F(1.89, 1295.87)=    9.4440     P = 0.0001
1 2 3
(0 real changes made)
(0 real changes made)
(0 real changes made)
(running tabulate on estimation sample)

Number of strata =  12                            Number of obs   =      4,102
Number of PSUs   = 697                            Population size = 4,556.7513
Subpop. no. PSUs = 628                            Subpop. no. obs =      2,133
                                                  Subpop. size    = 2,842.4909
                                                  Design df       =        685

-------------------------------------------------
Wealth    |
index     |Received HPV vaccine among aware women
quintiles |          No          Yes        Total
----------+--------------------------------------
 Q1 poore |        97.9          2.1        100.0
          | [95.0,99.1]    [0.9,5.0]             
          | 
       Q2 |        89.7         10.3        100.0
          | [85.0,93.0]   [7.0,15.0]             
          | 
       Q3 |        90.8          9.2        100.0
          | [86.8,93.6]   [6.4,13.2]             
          | 
       Q4 |        87.5         12.5        100.0
          | [83.3,90.8]   [9.2,16.7]             
          | 
 Q5 riche |        80.2         19.8        100.0
          | [74.8,84.7]  [15.3,25.2]             
          | 
    Total |        88.0         12.0        100.0
          | [86.0,89.8]  [10.2,14.0]             
-------------------------------------------------
Key: Row percentage
     [95% confidence interval for row percentage]

  Pearson:
    Uncorrected   chi2(4)         =  103.9557
    Design-based  F(3.79, 2593.69)=    8.7182     P = 0.0000
1 2 3 4 5
(0 real changes made)
(0 real changes made)
(0 real changes made)
(0 real changes made)
(0 real changes made)
(running tabulate on estimation sample)

Number of strata =  12                            Number of obs   =      4,102
Number of PSUs   = 697                            Population size = 4,556.7513
Subpop. no. PSUs = 628                            Subpop. no. obs =      2,133
                                                  Subpop. size    = 2,842.4909
                                                  Design df       =        685

-------------------------------------------------
Any mass  |
media     |Received HPV vaccine among aware women
exposure  |          No          Yes        Total
----------+--------------------------------------
       No |        93.3          6.7        100.0
          | [83.3,97.5]   [2.5,16.7]             
          | 
      Yes |        87.7         12.3        100.0
          | [85.6,89.6]  [10.4,14.4]             
          | 
    Total |        88.0         12.0        100.0
          | [86.0,89.8]  [10.2,14.0]             
-------------------------------------------------
Key: Row percentage
     [95% confidence interval for row percentage]

  Pearson:
    Uncorrected   chi2(1)         =    6.6167
    Design-based  F(1, 685)       =    1.6827     P = 0.1950
0 1
(0 real changes made)
(0 real changes made)
(running tabulate on estimation sample)

Number of strata =  12                            Number of obs   =      4,102
Number of PSUs   = 697                            Population size = 4,556.7513
Subpop. no. PSUs = 628                            Subpop. no. obs =      2,133
                                                  Subpop. size    = 2,842.4909
                                                  Design df       =        685

-------------------------------------------------
Any ICT   |Received HPV vaccine among aware women
exposure  |          No          Yes        Total
----------+--------------------------------------
       No |        88.6         11.4        100.0
          | [50.6,98.3]   [1.7,49.4]             
          | 
      Yes |        88.0         12.0        100.0
          | [85.9,89.8]  [10.2,14.1]             
          | 
    Total |        88.0         12.0        100.0
          | [86.0,89.8]  [10.2,14.0]             
-------------------------------------------------
Key: Row percentage
     [95% confidence interval for row percentage]

  Pearson:
    Uncorrected   chi2(1)         =    0.0088
    Design-based  F(1, 685)       =    0.0025     P = 0.9598
0 1
(0 real changes made)
(0 real changes made)
(running tabulate on estimation sample)

Number of strata =  12                            Number of obs   =      4,033
Number of PSUs   = 695                            Population size = 4,461.2277
Subpop. no. PSUs = 622                            Subpop. no. obs =      2,064
                                                  Subpop. size    = 2,746.9674
                                                  Design df       =        683

-------------------------------------------------
Rejects   |
all       |
wife-beat |
ing       |
justifica |Received HPV vaccine among aware women
tions     |          No          Yes        Total
----------+--------------------------------------
       No |        92.8          7.2        100.0
          | [87.2,96.1]   [3.9,12.8]             
          | 
      Yes |        87.9         12.1        100.0
          | [85.7,89.7]  [10.3,14.3]             
          | 
    Total |        88.2         11.8        100.0
          | [86.2,90.0]  [10.0,13.8]             
-------------------------------------------------
Key: Row percentage
     [95% confidence interval for row percentage]

  Pearson:
    Uncorrected   chi2(1)         =    6.1853
    Design-based  F(1, 683)       =    3.0510     P = 0.0811
0 1
(201 missing values generated)
(201 real changes made)
(201 missing values generated)
(201 real changes made)
(running tabulate on estimation sample)

Number of strata =  12                            Number of obs   =      4,102
Number of PSUs   = 697                            Population size = 4,556.7513
Subpop. no. PSUs = 628                            Subpop. no. obs =      2,133
                                                  Subpop. size    = 2,842.4909
                                                  Design df       =        685

-------------------------------------------------
Ever had  |
sexual    |
intercour |Received HPV vaccine among aware women
se        |          No          Yes        Total
----------+--------------------------------------
       No |        84.0         16.0        100.0
          | [80.3,87.1]  [12.9,19.7]             
          | 
      Yes |        91.5          8.5        100.0
          | [89.4,93.1]   [6.9,10.6]             
          | 
    Total |        88.0         12.0        100.0
          | [86.0,89.8]  [10.2,14.0]             
-------------------------------------------------
Key: Row percentage
     [95% confidence interval for row percentage]

  Pearson:
    Uncorrected   chi2(1)         =   53.7890
    Design-based  F(1, 685)       =   17.6327     P = 0.0000
0 1
(1 missing value generated)
(1 real change made)
(1 missing value generated)
(1 real change made)
      name:  vaccination_aware_biv
       log:  E:\FH5\Thesis HA\Thesis_2026/HPV thesis/Output/tables/table7_vaccination_aware_sensitivity.log
  log type:  text
 closed on:   6 May 2026, 03:35:10
---------------------------------------------------------------------------------------------------------------------------------------------------------------------------------------------------------------------------------------------------------------
file E:\FH5\Thesis HA\Thesis_2026/HPV thesis/Output/tables/table7_vaccination_aware_sensitivity.csv saved

. 
. *******************************************************************************
. * 9. CONCENTRATION INDICES
. *******************************************************************************
. 
. capture postclose ciout

. tempname ciout

. postfile `ciout' str12 outcome str12 index_type double(n estimate se lci uci pvalue) ///
>     using "`tab_dir'/table4_concentration_indices.dta", replace

. 
. foreach y in ccp5_bin ccp6_bin gap {
  2.     foreach kind in standard erreygers {
  3.         if "`kind'" == "standard" {
  4.             capture noisily conindex `y', rankvar(ses) truezero limits(0 1) svy
  5.         }
  6.         else {
  7.             capture noisily conindex `y', rankvar(ses) bounded limits(0 1) erreygers svy
  8.         }
  9.         if _rc == 0 {
 10.             scalar __ci = r(CI)
 11.             scalar __se = r(CIse)
 12.             scalar __n  = r(N)
 13.             scalar __l  = __ci - invnormal(0.975) * __se
 14.             scalar __u  = __ci + invnormal(0.975) * __se
 15.             scalar __p  = 2 * normal(-abs(__ci / __se))
 16.             post `ciout' ("`y'") ("`kind'") (__n) (__ci) (__se) (__l) (__u) (__p)
 17.         }
 18.     }
 19. }
------------------------------------------------------------------------------+
Index:             | No. of obs. | Index value | Std. error        | p-value  |
-------------------+-------------+-------------+-------------------+----------|
CI                 | 4102        | .1487267    |.00890776          |  0.0000  |
------------------------------------------------------------------------------+
------------------------------------------------------------------------------+
Index:             | No. of obs. | Index value | Std. error        | p-value  |
-------------------+-------------+-------------+-------------------+----------|
Erreygers norm. CI | 4102        | .3711015    |.02222655          |  0.0000  |
------------------------------------------------------------------------------+
------------------------------------------------------------------------------+
Index:             | No. of obs. | Index value | Std. error        | p-value  |
-------------------+-------------+-------------+-------------------+----------|
CI                 | 4102        | .38923472   |.04747412          |  0.0000  |
------------------------------------------------------------------------------+
------------------------------------------------------------------------------+
Index:             | No. of obs. | Index value | Std. error        | p-value  |
-------------------+-------------+-------------+-------------------+----------|
Erreygers norm. CI | 4102        | .11634965   |.01419092          |  0.0000  |
------------------------------------------------------------------------------+
------------------------------------------------------------------------------+
Index:             | No. of obs. | Index value | Std. error        | p-value  |
-------------------+-------------+-------------+-------------------+----------|
CI                 | 2133        | -.03498531  |.00594279          |  0.0000  |
------------------------------------------------------------------------------+
------------------------------------------------------------------------------+
Index:             | No. of obs. | Index value | Std. error        | p-value  |
-------------------+-------------+-------------+-------------------+----------|
Erreygers norm. CI | 2133        | -.12317655  |.02092341          |  0.0000  |
------------------------------------------------------------------------------+

. postclose `ciout'

. 
. preserve

. use "`tab_dir'/table4_concentration_indices.dta", clear

. format estimate se lci uci %9.5f

. format pvalue %9.4f

. export delimited using "`tab_dir'/table4_concentration_indices.csv", replace
file E:\FH5\Thesis HA\Thesis_2026/HPV thesis/Output/tables/table4_concentration_indices.csv saved

. restore

. 
. *******************************************************************************
. * 10. ADJUSTED POISSON MODELS AND LOGISTIC SENSITIVITY MODELS
. *******************************************************************************
. 
. local X_model "i.rural ib3.WAGE ib1.MSTATUS ib3.edu i.insu i.minority ib5.ses5 i.mme `model_ict' i.dvindex i.sb1n"

. 
. capture postclose modout

. tempname modout

. postfile `modout' str24 model str16 outcome str60 term double(n estimate lci uci pvalue) ///
>     using "`tab_dir'/table5_models.dta", replace

. 
. capture postclose margout

. tempname margout

. postfile `margout' str24 model str16 outcome byte ses5 str20 wealth_quintile ///
>     double(n pct lci uci) using "`tab_dir'/table8_adjusted_predicted_by_wealth.dta", replace

. 
. foreach y in ccp5_bin ccp6_bin gap ccp6_aware {
  2.     if "`y'" == "gap" {
  3.         quietly svy, subpop(ccp5_bin): poisson gap `X_model'
  4.         local modelname "aPR_gap"
  5.     }
  6.     else if "`y'" == "ccp6_aware" {
  7.         quietly svy, subpop(ccp5_bin): poisson ccp6_aware `X_model'
  8.         local modelname "aPR_vaccination_aware"
  9.     }
 10.     else {
 11.         quietly svy: poisson `y' `X_model'
 12.         if "`y'" == "ccp5_bin" local modelname "aPR_awareness"
 13.         if "`y'" == "ccp6_bin" local modelname "aPR_vaccination"
 14.     }
 15. 
.     local df = e(df_r)
 16.     local nobs = e(N)
 17. 
.     matrix __b = e(b)
 18.     local terms : colnames __b
 19.     foreach term of local terms {
 20.         if "`term'" == "_cons" continue
 21.         if strpos("`term'", "b.") continue
 22.         if strpos("`term'", "o.") continue
 23.         local nice "`term'"
 24.         if "`term'" == "1.rural"    local nice "Rural (ref: urban)"
 25.         if "`term'" == "1.WAGE"     local nice "Age 15-19 (ref: 25-29)"
 26.         if "`term'" == "2.WAGE"     local nice "Age 20-24 (ref: 25-29)"
 27.         if "`term'" == "2.MSTATUS"  local nice "Formerly married/union (ref: current)"
 28.         if "`term'" == "3.MSTATUS"  local nice "Never married/union (ref: current)"
 29.         if "`term'" == "1.edu"      local nice "Primary or less (ref: upper secondary+)"
 30.         if "`term'" == "2.edu"      local nice "Lower secondary (ref: upper secondary+)"
 31.         if "`term'" == "1.insu"     local nice "Uninsured (ref: insured)"
 32.         if "`term'" == "1.minority" local nice "Ethnic minority (ref: Kinh/Hoa)"
 33.         if "`term'" == "1.ses5"     local nice "Q1 poorest (ref: Q5 richest)"
 34.         if "`term'" == "2.ses5"     local nice "Q2 (ref: Q5 richest)"
 35.         if "`term'" == "3.ses5"     local nice "Q3 (ref: Q5 richest)"
 36.         if "`term'" == "4.ses5"     local nice "Q4 (ref: Q5 richest)"
 37.         if "`term'" == "1.mme"      local nice "Mass media exposure (ref: no)"
 38.         if "`term'" == "1.ict"      local nice "ICT exposure (ref: no)"
 39.         if "`term'" == "1.dvindex"  local nice "Rejects all wife-beating justifications (ref: no)"
 40.         if "`term'" == "1.sb1n"     local nice "Ever had sexual intercourse (ref: no)"
 41.         scalar __est = exp(_b[`term'])
 42.         scalar __se  = _se[`term']
 43.         scalar __tcrit = invttail(`df', 0.025)
 44.         scalar __l = exp(_b[`term'] - __tcrit * __se)
 45.         scalar __u = exp(_b[`term'] + __tcrit * __se)
 46.         scalar __p = 2 * ttail(`df', abs(_b[`term'] / __se))
 47.         post `modout' ("`modelname'") ("`y'") ("`nice'") (`nobs') (__est) (__l) (__u) (__p)
 48.     }
 49. }

. 
. foreach y in ccp5_bin ccp6_bin gap ccp6_aware {
  2.     if "`y'" == "gap" {
  3.         quietly svy, subpop(ccp5_bin): logistic gap `X_model'
  4.         local modelname "OR_gap"
  5.         local predname "pred_gap"
  6.     }
  7.     else if "`y'" == "ccp6_aware" {
  8.         quietly svy, subpop(ccp5_bin): logistic ccp6_aware `X_model'
  9.         local modelname "OR_vaccination_aware"
 10.         local predname "pred_vaccination_aware"
 11.     }
 12.     else {
 13.         quietly svy: logistic `y' `X_model'
 14.         if "`y'" == "ccp5_bin" local modelname "OR_awareness"
 15.         if "`y'" == "ccp6_bin" local modelname "OR_vaccination"
 16.         if "`y'" == "ccp5_bin" local predname "pred_awareness"
 17.         if "`y'" == "ccp6_bin" local predname "pred_vaccination"
 18.     }
 19. 
.     local df = e(df_r)
 20.     local nobs = e(N)
 21. 
.     quietly margins ses5
 22.     matrix __marg = r(table)
 23.     forvalues q = 1/5 {
 24.         local qlab : label ses5_lab `q'
 25.         scalar __mpct = __marg[1,`q'] * 100
 26.         scalar __mlci = __marg[5,`q'] * 100
 27.         scalar __muci = __marg[6,`q'] * 100
 28.         post `margout' ("`predname'") ("`y'") (`q') ("`qlab'") (`nobs') (__mpct) (__mlci) (__muci)
 29.     }
 30. 
.     matrix __b = e(b)
 31.     local terms : colnames __b
 32.     foreach term of local terms {
 33.         if "`term'" == "_cons" continue
 34.         if strpos("`term'", "b.") continue
 35.         if strpos("`term'", "o.") continue
 36.         local nice "`term'"
 37.         if "`term'" == "1.rural"    local nice "Rural (ref: urban)"
 38.         if "`term'" == "1.WAGE"     local nice "Age 15-19 (ref: 25-29)"
 39.         if "`term'" == "2.WAGE"     local nice "Age 20-24 (ref: 25-29)"
 40.         if "`term'" == "2.MSTATUS"  local nice "Formerly married/union (ref: current)"
 41.         if "`term'" == "3.MSTATUS"  local nice "Never married/union (ref: current)"
 42.         if "`term'" == "1.edu"      local nice "Primary or less (ref: upper secondary+)"
 43.         if "`term'" == "2.edu"      local nice "Lower secondary (ref: upper secondary+)"
 44.         if "`term'" == "1.insu"     local nice "Uninsured (ref: insured)"
 45.         if "`term'" == "1.minority" local nice "Ethnic minority (ref: Kinh/Hoa)"
 46.         if "`term'" == "1.ses5"     local nice "Q1 poorest (ref: Q5 richest)"
 47.         if "`term'" == "2.ses5"     local nice "Q2 (ref: Q5 richest)"
 48.         if "`term'" == "3.ses5"     local nice "Q3 (ref: Q5 richest)"
 49.         if "`term'" == "4.ses5"     local nice "Q4 (ref: Q5 richest)"
 50.         if "`term'" == "1.mme"      local nice "Mass media exposure (ref: no)"
 51.         if "`term'" == "1.ict"      local nice "ICT exposure (ref: no)"
 52.         if "`term'" == "1.dvindex"  local nice "Rejects all wife-beating justifications (ref: no)"
 53.         if "`term'" == "1.sb1n"     local nice "Ever had sexual intercourse (ref: no)"
 54.         scalar __est = exp(_b[`term'])
 55.         scalar __se  = _se[`term']
 56.         scalar __tcrit = invttail(`df', 0.025)
 57.         scalar __l = exp(_b[`term'] - __tcrit * __se)
 58.         scalar __u = exp(_b[`term'] + __tcrit * __se)
 59.         scalar __p = 2 * ttail(`df', abs(_b[`term'] / __se))
 60.         post `modout' ("`modelname'") ("`y'") ("`nice'") (`nobs') (__est) (__l) (__u) (__p)
 61.     }
 62. }

. postclose `modout'

. postclose `margout'

. 
. preserve

. use "`tab_dir'/table5_models.dta", clear

. format estimate lci uci %8.3f

. format pvalue %9.4f

. export delimited using "`tab_dir'/table5_models.csv", replace
file E:\FH5\Thesis HA\Thesis_2026/HPV thesis/Output/tables/table5_models.csv saved

. restore

. 
. preserve

. use "`tab_dir'/table8_adjusted_predicted_by_wealth.dta", clear

. bysort outcome: egen q5_pct = max(cond(ses5 == 5, pct, .))

. gen diff_vs_q5 = pct - q5_pct

. replace lci = 0 if lci < 0
(1 real change made)

. replace uci = 100 if uci > 100
(0 real changes made)

. sort model ses5

. format pct lci uci diff_vs_q5 %8.2f

. export delimited using "`tab_dir'/table8_adjusted_predicted_by_wealth.csv", replace
file E:\FH5\Thesis HA\Thesis_2026/HPV thesis/Output/tables/table8_adjusted_predicted_by_wealth.csv saved

. restore

. 
. *******************************************************************************
. * 11. ERREYGERS DECOMPOSITION
. *******************************************************************************
. 
. gen byte age_15_19 = (WAGE == 1) if !missing(WAGE)

. gen byte age_20_24 = (WAGE == 2) if !missing(WAGE)

. gen byte mstatus2  = (MSTATUS == 2) if !missing(MSTATUS)
(1 missing value generated)

. gen byte mstatus3  = (MSTATUS == 3) if !missing(MSTATUS)
(1 missing value generated)

. gen byte edu1      = (edu == 1) if !missing(edu)

. gen byte edu2      = (edu == 2) if !missing(edu)

. gen byte ses1      = (ses5 == 1) if !missing(ses5)

. gen byte ses2      = (ses5 == 2) if !missing(ses5)

. gen byte ses3      = (ses5 == 3) if !missing(ses5)

. gen byte ses4      = (ses5 == 4) if !missing(ses5)

. 
. local X_decomp "age_15_19 age_20_24 rural minority insu mstatus2 mstatus3 edu1 edu2 ses1 ses2 ses3 ses4 mme `decomp_ict' dvindex sb1n"

. 
. capture postclose dp

. tempname dp

. postfile `dp' str12 outcome str40 variable double(dydx mean_x ci_x contribution percentage) ///
>     using "`tab_dir'/table6_decomposition.dta", replace

. 
. capture log close table6

. log using "`tab_dir'/table6_decomposition.log", replace text name(table6)
---------------------------------------------------------------------------------------------------------------------------------------------------------------------------------------------------------------------------------------------------------------
      name:  table6
       log:  E:\FH5\Thesis HA\Thesis_2026/HPV thesis/Output/tables/table6_decomposition.log
  log type:  text
 opened on:   6 May 2026, 03:35:17

. 
. foreach y in ccp5_bin ccp6_bin gap {
  2.     capture noisily conindex `y', rankvar(ses) bounded limits(0 1) erreygers svy
  3.     if _rc != 0 {
  4.         di as error "conindex failed for `y'; decomposition skipped."
  5.         continue
  6.     }
  7.     scalar __ci_total = r(CI)
  8.     scalar __sum_contrib = 0
  9. 
.     quietly svy: glm `y' `X_decomp', family(binomial) link(probit)
 10.     tempvar esamp
 11.     gen byte `esamp' = e(sample)
 12.     quietly margins, dydx(*) post
 13.     matrix __bm = e(b)
 14. 
.     foreach x of local X_decomp {
 15.         local col = colnumb(__bm, "`x'")
 16.         if `col' >= . continue
 17.         scalar __dydx = __bm[1, `col']
 18.         quietly conindex `x' if `esamp', rankvar(ses) truezero limits(0 1) svy
 19.         scalar __ci_x = r(CI)
 20.         quietly summarize `x' if `esamp' [aw=wmweight]
 21.         scalar __mean_x = r(mean)
 22.         scalar __contrib = 4 * __dydx * __mean_x * __ci_x
 23.         scalar __pct = (__contrib / __ci_total) * 100
 24.         scalar __sum_contrib = __sum_contrib + __contrib
 25.         post `dp' ("`y'") ("`x'") (__dydx) (__mean_x) (__ci_x) (__contrib) (__pct)
 26.     }
 27. 
.     scalar __res = __ci_total - __sum_contrib
 28.     scalar __respct = (__res / __ci_total) * 100
 29.     post `dp' ("`y'") ("Residual") (.) (.) (.) (__res) (__respct)
 30.     drop `esamp'
 31. }
------------------------------------------------------------------------------+
Index:             | No. of obs. | Index value | Std. error        | p-value  |
-------------------+-------------+-------------+-------------------+----------|
Erreygers norm. CI | 4102        | .3711015    |.02222655          |  0.0000  |
------------------------------------------------------------------------------+
------------------------------------------------------------------------------+
Index:             | No. of obs. | Index value | Std. error        | p-value  |
-------------------+-------------+-------------+-------------------+----------|
Erreygers norm. CI | 4102        | .11634965   |.01419092          |  0.0000  |
------------------------------------------------------------------------------+
------------------------------------------------------------------------------+
Index:             | No. of obs. | Index value | Std. error        | p-value  |
-------------------+-------------+-------------+-------------------+----------|
Erreygers norm. CI | 2133        | -.12317655  |.02092341          |  0.0000  |
------------------------------------------------------------------------------+

. 
. log close table6
      name:  table6
       log:  E:\FH5\Thesis HA\Thesis_2026/HPV thesis/Output/tables/table6_decomposition.log
  log type:  text
 closed on:   6 May 2026, 03:35:27
---------------------------------------------------------------------------------------------------------------------------------------------------------------------------------------------------------------------------------------------------------------

. postclose `dp'

. 
. preserve

. use "`tab_dir'/table6_decomposition.dta", clear

. gen variable_label = variable

. replace variable_label = "Age 15-19" if variable == "age_15_19"
(3 real changes made)

. replace variable_label = "Age 20-24" if variable == "age_20_24"
(3 real changes made)

. replace variable_label = "Rural residence" if variable == "rural"
variable variable_label was str9 now str15
(3 real changes made)

. replace variable_label = "Ethnic minority" if variable == "minority"
(3 real changes made)

. replace variable_label = "Uninsured" if variable == "insu"
(3 real changes made)

. replace variable_label = "Formerly married/union" if variable == "mstatus2"
variable variable_label was str15 now str22
(3 real changes made)

. replace variable_label = "Never married/union" if variable == "mstatus3"
(3 real changes made)

. replace variable_label = "Primary or less" if variable == "edu1"
(3 real changes made)

. replace variable_label = "Lower secondary" if variable == "edu2"
(3 real changes made)

. replace variable_label = "Q1 poorest" if variable == "ses1"
(3 real changes made)

. replace variable_label = "Q2" if variable == "ses2"
(3 real changes made)

. replace variable_label = "Q3" if variable == "ses3"
(3 real changes made)

. replace variable_label = "Q4" if variable == "ses4"
(3 real changes made)

. replace variable_label = "Mass media exposure" if variable == "mme"
(3 real changes made)

. replace variable_label = "ICT exposure" if variable == "ict"
(0 real changes made)

. replace variable_label = "Gender-equitable attitude" if variable == "dvindex"
variable variable_label was str22 now str25
(3 real changes made)

. replace variable_label = "Ever had sex" if variable == "sb1n"
(3 real changes made)

. format dydx mean_x ci_x contribution %9.5f

. format percentage %9.2f

. export delimited using "`tab_dir'/table6_decomposition.csv", replace
file E:\FH5\Thesis HA\Thesis_2026/HPV thesis/Output/tables/table6_decomposition.csv saved

. restore

. 
. *******************************************************************************
. * 12. FIGURES
. *******************************************************************************
. 
. graph bar (mean) ccp5_bin ccp6_bin [aw=wmweight], over(ses5) asyvars ///
>     title("HPV Awareness and Vaccination by Wealth Quintile", size(medium)) ///
>     subtitle("Women aged 15-29, Vietnam MICS6", size(small)) ///
>     ytitle("Weighted prevalence") ylabel(0(0.2)1, format(%3.1f)) ///
>     legend(order(1 "Awareness" 2 "Vaccination") rows(1)) ///
>     blabel(bar, format(%4.2f) size(vsmall)) graphregion(color(white)) plotregion(color(white))

. graph export "`fig_dir'/fig1_awareness_vaccination_by_ses.png", replace width(2400)
file E:\FH5\Thesis HA\Thesis_2026/HPV thesis/Output/figures/fig1_awareness_vaccination_by_ses.png saved as PNG format

. 
. graph bar (mean) gap [aw=wmweight] if ccp5_bin == 1, over(ses5) ///
>     title("Awareness-Vaccination Gap by Wealth Quintile", size(medium)) ///
>     subtitle("Among aware women aged 15-29", size(small)) ///
>     ytitle("Weighted prevalence") ylabel(0(0.2)1, format(%3.1f)) ///
>     blabel(bar, format(%4.2f) size(vsmall)) graphregion(color(white)) plotregion(color(white))

. graph export "`fig_dir'/fig2_gap_by_ses.png", replace width(2400)
file E:\FH5\Thesis HA\Thesis_2026/HPV thesis/Output/figures/fig2_gap_by_ses.png saved as PNG format

. 
. graph bar (mean) ccp5_bin ccp6_bin [aw=wmweight], over(WAGE) asyvars ///
>     title("HPV Awareness and Vaccination by Age Group", size(medium)) ///
>     subtitle("Women aged 15-29, Vietnam MICS6", size(small)) ///
>     ytitle("Weighted prevalence") ylabel(0(0.2)1, format(%3.1f)) ///
>     legend(order(1 "Awareness" 2 "Vaccination") rows(1)) ///
>     blabel(bar, format(%4.2f) size(vsmall)) graphregion(color(white)) plotregion(color(white))

. graph export "`fig_dir'/fig3_awareness_vaccination_by_age.png", replace width(2400)
file E:\FH5\Thesis HA\Thesis_2026/HPV thesis/Output/figures/fig3_awareness_vaccination_by_age.png saved as PNG format

. 
. graph bar (mean) ccp5_bin ccp6_bin [aw=wmweight], over(area) asyvars ///
>     title("HPV Awareness and Vaccination by Residence", size(medium)) ///
>     subtitle("Women aged 15-29, Vietnam MICS6", size(small)) ///
>     ytitle("Weighted prevalence") ylabel(0(0.2)1, format(%3.1f)) ///
>     legend(order(1 "Awareness" 2 "Vaccination") rows(1)) ///
>     blabel(bar, format(%4.2f) size(vsmall)) graphregion(color(white)) plotregion(color(white))

. graph export "`fig_dir'/fig4_awareness_vaccination_by_area.png", replace width(2400)
file E:\FH5\Thesis HA\Thesis_2026/HPV thesis/Output/figures/fig4_awareness_vaccination_by_area.png saved as PNG format

. 
. graph bar (mean) ccp5_bin ccp6_bin [aw=wmweight], over(edu) asyvars ///
>     title("HPV Awareness and Vaccination by Education", size(medium)) ///
>     subtitle("Women aged 15-29, Vietnam MICS6", size(small)) ///
>     ytitle("Weighted prevalence") ylabel(0(0.2)1, format(%3.1f)) ///
>     legend(order(1 "Awareness" 2 "Vaccination") rows(1)) ///
>     blabel(bar, format(%4.2f) size(vsmall)) graphregion(color(white)) plotregion(color(white))

. graph export "`fig_dir'/fig5_awareness_vaccination_by_edu.png", replace width(2400)
file E:\FH5\Thesis HA\Thesis_2026/HPV thesis/Output/figures/fig5_awareness_vaccination_by_edu.png saved as PNG format

. 
. graph bar (mean) ccp5_bin ccp6_bin [aw=wmweight], over(minority) asyvars ///
>     title("HPV Awareness and Vaccination by Ethnicity", size(medium)) ///
>     subtitle("Women aged 15-29, Vietnam MICS6", size(small)) ///
>     ytitle("Weighted prevalence") ylabel(0(0.2)1, format(%3.1f)) ///
>     legend(order(1 "Awareness" 2 "Vaccination") rows(1)) ///
>     blabel(bar, format(%4.2f) size(vsmall)) graphregion(color(white)) plotregion(color(white))

. graph export "`fig_dir'/fig6_awareness_vaccination_by_ethnicity.png", replace width(2400)
file E:\FH5\Thesis HA\Thesis_2026/HPV thesis/Output/figures/fig6_awareness_vaccination_by_ethnicity.png saved as PNG format

. 
. preserve

. keep if !missing(ses, wmweight, ccp5_bin, ccp6_bin)
(0 observations deleted)

. sort ses

. gen double wt = wmweight

. egen double total_w = total(wt)

. gen double x_rank = sum(wt) / total_w

. foreach y in ccp5_bin ccp6_bin {
  2.     gen double wy_`y' = `y' * wt
  3.     egen double total_`y' = total(wy_`y')
  4.     gen double cy_`y' = sum(wy_`y') / total_`y'
  5. }

. twoway ///
>     (line cy_ccp5_bin x_rank, sort lcolor(orange) lwidth(medthick)) ///
>     (line cy_ccp6_bin x_rank, sort lcolor(forest_green) lpattern(longdash) lwidth(medthick)) ///
>     (function y=x, range(0 1) lcolor(maroon) lpattern(dot) lwidth(medthick)), ///
>     title("Concentration Curves for HPV Awareness and Vaccination", size(medium)) ///
>     ytitle("Cumulative share of outcome") ///
>     xtitle("Cumulative share of women ranked by wealth score") ///
>     legend(order(1 "Awareness" 2 "Vaccination" 3 "Line of equality") rows(1) position(6)) ///
>     graphregion(color(white)) plotregion(color(white))

. graph export "`fig_dir'/fig7_concentration_curve.png", replace width(2400)
file E:\FH5\Thesis HA\Thesis_2026/HPV thesis/Output/figures/fig7_concentration_curve.png saved as PNG format

. restore

. 
. foreach y in ccp5_bin ccp6_bin gap {
  2.     preserve
  3.     use "`tab_dir'/table6_decomposition.dta", clear
  4.     keep if outcome == "`y'" & variable != "Residual"
  5.     gen variable_label = variable
  6.     replace variable_label = "Age 15-19" if variable == "age_15_19"
  7.     replace variable_label = "Age 20-24" if variable == "age_20_24"
  8.     replace variable_label = "Rural residence" if variable == "rural"
  9.     replace variable_label = "Ethnic minority" if variable == "minority"
 10.     replace variable_label = "Uninsured" if variable == "insu"
 11.     replace variable_label = "Formerly married/union" if variable == "mstatus2"
 12.     replace variable_label = "Never married/union" if variable == "mstatus3"
 13.     replace variable_label = "Primary or less" if variable == "edu1"
 14.     replace variable_label = "Lower secondary" if variable == "edu2"
 15.     replace variable_label = "Q1 poorest" if variable == "ses1"
 16.     replace variable_label = "Q2" if variable == "ses2"
 17.     replace variable_label = "Q3" if variable == "ses3"
 18.     replace variable_label = "Q4" if variable == "ses4"
 19.     replace variable_label = "Mass media" if variable == "mme"
 20.     replace variable_label = "ICT exposure" if variable == "ict"
 21.     replace variable_label = "Gender-equitable attitude" if variable == "dvindex"
 22.     replace variable_label = "Ever had sex" if variable == "sb1n"
 23.     gen abs_c = abs(contribution)
 24.     gen str90 variable_label_pct = variable_label + " (" + string(percentage, "%4.1f") + "%)"
 25.     gsort -abs_c
 26.     keep in 1/10
 27.     if "`y'" == "ccp5_bin" {
 28.         local figname "fig8_decomposition_awareness"
 29.         local figtitle "HPV vaccine awareness"
 30.     }
 31.     if "`y'" == "ccp6_bin" {
 32.         local figname "fig9_decomposition_vaccination"
 33.         local figtitle "HPV vaccination"
 34.     }
 35.     if "`y'" == "gap" {
 36.         local figname "fig10_decomposition_gap"
 37.         local figtitle "Awareness-vaccination gap"
 38.     }
 39.     graph hbar contribution, over(variable_label_pct, sort(abs_c) descending label(labsize(vsmall))) ///
>         title("Top contributors: `figtitle'", size(medium)) ///
>         ytitle("Contribution to Erreygers CI") ///
>         yline(0, lcolor(gray) lpattern(dash)) ///
>         blabel(bar, format(%6.4f) size(tiny)) ///
>         xsize(9) ysize(5) graphregion(color(white) margin(l+8 r+8)) plotregion(color(white))
 40.     graph export "`fig_dir'/`figname'.png", replace width(3600)
 41.     restore
 42. }
(35 observations deleted)
(1 real change made)
(1 real change made)
variable variable_label was str9 now str15
(1 real change made)
(1 real change made)
(1 real change made)
variable variable_label was str15 now str22
(1 real change made)
(1 real change made)
(1 real change made)
(1 real change made)
(1 real change made)
(1 real change made)
(1 real change made)
(1 real change made)
(1 real change made)
(0 real changes made)
variable variable_label was str22 now str25
(1 real change made)
(1 real change made)
(6 observations deleted)
file E:\FH5\Thesis HA\Thesis_2026/HPV thesis/Output/figures/fig8_decomposition_awareness.png saved as PNG format
(35 observations deleted)
(1 real change made)
(1 real change made)
variable variable_label was str9 now str15
(1 real change made)
(1 real change made)
(1 real change made)
variable variable_label was str15 now str22
(1 real change made)
(1 real change made)
(1 real change made)
(1 real change made)
(1 real change made)
(1 real change made)
(1 real change made)
(1 real change made)
(1 real change made)
(0 real changes made)
variable variable_label was str22 now str25
(1 real change made)
(1 real change made)
(6 observations deleted)
file E:\FH5\Thesis HA\Thesis_2026/HPV thesis/Output/figures/fig9_decomposition_vaccination.png saved as PNG format
(35 observations deleted)
(1 real change made)
(1 real change made)
variable variable_label was str9 now str15
(1 real change made)
(1 real change made)
(1 real change made)
variable variable_label was str15 now str22
(1 real change made)
(1 real change made)
(1 real change made)
(1 real change made)
(1 real change made)
(1 real change made)
(1 real change made)
(1 real change made)
(1 real change made)
(0 real changes made)
variable variable_label was str22 now str25
(1 real change made)
(1 real change made)
(6 observations deleted)
file E:\FH5\Thesis HA\Thesis_2026/HPV thesis/Output/figures/fig10_decomposition_gap.png saved as PNG format

. 
. foreach f in fig1_awareness_vaccination_by_ses fig2_gap_by_ses fig3_awareness_vaccination_by_age fig4_awareness_vaccination_by_area fig5_awareness_vaccination_by_edu fig6_awareness_vaccination_by_ethnicity fig7_concentration_curve fig8_decomposition_awa
> reness fig9_decomposition_vaccination fig10_decomposition_gap {
  2.     capture copy "`fig_dir'/`f'.png" "`latex_fig_dir'/`f'.png", replace
  3. }

. 
. di as result "All outputs saved in: `out_dir'"
All outputs saved in: E:\FH5\Thesis HA\Thesis_2026/HPV thesis/Output

. di as result "End time: `c(current_date)' `c(current_time)'"
End time:  6 May 2026 03:35:46

. log close master
      name:  master
       log:  E:\FH5\Thesis HA\Thesis_2026/HPV thesis/Output/logs/hpv_analysis_master.log
  log type:  text
 closed on:   6 May 2026, 03:35:46
---------------------------------------------------------------------------------------------------------------------------------------------------------------------------------------------------------------------------------------------------------------
